98304.0,98304.0,100000000.0,210.141,197.898,186.468,181.788,187.722,8.0
98304.0,98304.0,100000000.0,60.9762,48.6927,37.9487,35.2597,38.1171,8.0
98304.0,98304.0,100000000.0,77.7004,68.9478,67.3346,65.5025,77.8949,8.0
400.0,400.0,9676.0,0.00136527,0.00135417,0.0013576,0.00135233,0.013545,8.0
200.0,200.0,2322.0,0.00252141,0.00251604,0.00248725,0.00247554,0.0146721,8.0
200.0,200.0,2440.0,0.00120597,0.00117837,0.00118667,0.00116813,0.00117907,8.0
200.0,200.0,2440.0,0.00119131,0.00118394,0.00118018,0.00117883,0.00119461,8.0
907.0,907.0,2461.0,0.000332471,0.0003072,0.000305191,0.00030272,0.000357,8.0
454.0,454.0,391.0,0.000391221,0.00035566,0.000353481,0.00035084,0.00040627,8.0
454.0,454.0,130.0,3.42e-05,3.24e-05,3.25e-05,3.22e-05,3.28e-05,8.0
454.0,454.0,687.0,0.00015216,0.00019233,0.00014718,0.00014649,0.0001465,8.0
4824.0,4824.0,13674.0,0.00067306,0.00045564,0.00043863,0.00043597,0.00043946,8.0
2412.0,2412.0,6678.0,0.00102263,0.000699211,0.000672431,0.000667261,0.0006703,8.0
2412.0,2412.0,249.0,6.02e-05,3.85e-05,4.08e-05,3.8e-05,4.04e-05,8.0
1206.0,1206.0,25.0,7.75e-05,6.36e-05,7.05e-05,6.3e-05,6.49e-05,8.0
1206.0,1206.0,25.0,2.71e-05,3.2e-05,2.83e-05,2.59e-05,2.6e-05,8.0
1206.0,1206.0,3222.0,0.00013174,0.00012469,0.000124701,0.00012442,0.00012486,8.0
1206.0,1206.0,3066.0,0.000135831,0.00013139,0.00013675,0.0001306,0.00013067,8.0
1764.0,1764.0,118.0,2.55e-05,2.9e-05,2.36e-05,2.26e-05,2.31e-05,8.0
2000.0,2000.0,23556.0,0.00873467,0.00201725,0.00202504,0.00201447,0.0159772,8.0
1000.0,1000.0,11718.0,0.0230914,0.00397992,0.00397097,0.00396598,0.031952,8.0
1000.0,1000.0,4946.0,0.000623301,0.00060671,0.000610421,0.000601021,0.000618761,8.0
1000.0,1000.0,1946.0,0.000204861,0.00020411,0.00021556,0.00019836,0.0002017,8.0
500.0,500.0,5812.0,0.0329433,0.00523834,0.00522538,0.00521803,0.0504114,8.0
500.0,500.0,2438.0,0.0010472,0.0010186,0.00102104,0.00101369,0.00103175,8.0
500.0,500.0,1624.0,0.000438481,0.00042858,0.00044355,0.00042227,0.00042605,8.0
48.0,48.0,306.0,0.0114658,4.49e-05,3.36e-05,3.35e-05,0.00211717,8.0
24.0,24.0,100.0,0.0121092,8.41e-05,6.8e-05,6.11e-05,0.00217874,8.0
12.0,12.0,34.0,0.0122975,0.00010764,8.95e-05,8.03e-05,0.00220552,8.0
12.0,12.0,8.0,5.21e-05,4.5e-05,4.93e-05,4.49e-05,4.77e-05,8.0
12.0,12.0,18.0,0.020611,7.1e-05,6.13e-05,6.11e-05,6.57e-05,8.0
12.0,12.0,8.0,2.17e-05,2.14e-05,2.13e-05,2.04e-05,2.13e-05,8.0
12.0,12.0,18.0,3.53e-05,1.86e-05,3.31e-05,1.79e-05,1.85e-05,8.0
31293.0,31293.0,7464.0,0.000904641,0.00036407,0.00035016,0.00034988,0.00035291,8.0
31293.0,31293.0,49775.0,0.00244752,0.00150786,0.00151916,0.0015014,0.00150529,8.0
1220.0,1220.0,5888.0,0.00757017,0.000239181,0.00023671,0.000208971,0.00189377,8.0
610.0,610.0,1917.0,0.00983337,0.000360901,0.00035494,0.000329691,0.001999,8.0
610.0,610.0,2262.0,0.00020308,0.00020146,0.000198931,0.00018581,0.00018618,8.0
7716.0,7716.0,23938.0,0.0446952,0.00540215,0.00290321,0.00279788,0.0157335,8.0
3858.0,3858.0,12777.0,0.0533579,0.00733783,0.00483119,0.00471712,0.0319824,8.0
6847.0,6847.0,1997.0,0.00031264,0.00025181,0.00024438,0.00014679,0.00024345,8.0
6847.0,6847.0,38878.0,0.00100581,0.000862031,0.000850401,0.000750541,0.00756241,8.0
31016.0,31016.0,60864.0,0.00329644,0.00220282,0.0021834,0.00215765,0.00950391,8.0
31016.0,31016.0,63200.0,0.00239857,0.00150232,0.00146387,0.00146173,0.00147029,8.0
22499.0,22499.0,87716.0,0.0192223,0.00182152,0.00181989,0.0017818,0.0342852,8.0
11250.0,11250.0,29952.0,0.0357359,0.00300373,0.00299248,0.00294817,0.0471389,8.0
11250.0,11250.0,13122.0,0.00195483,0.000974441,0.000978811,0.000962401,0.000969821,8.0
11250.0,11250.0,31520.0,0.00225259,0.00113774,0.00113237,0.00112966,0.00995258,8.0
991.0,991.0,6027.0,0.0194062,0.000809171,0.000799711,0.000782201,0.000785851,8.0
7716.0,7716.0,18836.0,0.0099152,0.0021014,0.00208189,0.00206872,0.0142959,8.0
3858.0,3858.0,12138.0,0.015356,0.0045673,0.00452681,0.00450692,0.016734,8.0
968.0,968.0,5632.0,0.00058904,0.000151621,0.00014167,0.00013874,0.00557696,8.0
484.0,484.0,44.0,3.94e-05,3.6e-05,3.67e-05,3.55e-05,4.89e-05,8.0
3858.0,3858.0,659.0,0.00016487,0.00015715,0.000156771,0.00015558,0.00015779,8.0
7716.0,7716.0,13706.0,0.0379671,0.00417662,0.00276157,0.00272657,0.00278513,8.0
3858.0,3858.0,9307.0,0.0410721,0.00637649,0.00493994,0.00464957,0.00466297,8.0
3858.0,3858.0,577.0,8e-05,7.32e-05,7.48e-05,6.61e-05,7.03e-05,8.0
2000.0,2000.0,23570.0,0.00211839,0.00187633,0.0018771,0.00187323,0.0182856,8.0
1000.0,1000.0,11718.0,0.00830313,0.00378776,0.00381039,0.00376443,0.0392805,8.0
1000.0,1000.0,2026.0,0.00020736,0.00020919,0.00020095,0.00019998,0.00020177,8.0
3858.0,3858.0,772.0,0.00012435,0.00012399,0.00012467,0.000122921,0.00012762,8.0
7716.0,7716.0,23806.0,0.013637,0.0026898,0.00266763,0.00264971,0.017119,8.0
3858.0,3858.0,4814.0,0.00106817,0.00108,0.000563751,0.00054799,0.000555901,8.0
3858.0,3858.0,4814.0,0.00116182,0.00118192,0.00061882,0.000589901,0.00059292,8.0
3858.0,3858.0,1451.0,0.000364511,0.000362181,0.000202511,0.00019,0.000190481,8.0
3858.0,3858.0,1629.0,0.00021127,0.00017367,0.00017232,0.00017034,0.000172931,8.0
3858.0,3858.0,277.0,5.82e-05,5.91e-05,4.59e-05,4.56e-05,4.83e-05,8.0
340.0,340.0,500.0,4.22e-05,3.25e-05,3.54e-05,3.19e-05,3.25e-05,8.0
6666.0,6666.0,1517.0,0.00044366,0.0004187,0.00041864,0.000416091,0.00042389,8.0
42915.0,42915.0,10704.0,0.00165609,0.000969441,0.000918011,0.000881461,0.000910441,8.0
42915.0,42915.0,214580.0,0.00365226,0.00267272,0.00248421,0.00246974,0.0257117,8.0
3858.0,3858.0,4807.0,0.00135418,0.001182,0.00059575,0.00059074,0.000594351,8.0
3858.0,3858.0,1459.0,0.000417661,0.00024214,0.00020548,0.000190631,0.00019237,8.0
500.0,500.0,34.0,6.02e-05,5.47e-05,2.54e-05,2.41e-05,9.62e-05,8.0
1882.0,1882.0,12904.0,0.00105746,0.00037511,0.00031535,0.000308341,0.000311991,8.0
2859.0,2859.0,5139.0,0.0602722,0.00090491,0.000850711,0.000827551,0.0316359,8.0
7716.0,7716.0,6528.0,0.00146567,0.00122879,0.00118691,0.00117663,0.00120356,8.0
3858.0,3858.0,4322.0,0.00254636,0.00216417,0.00211304,0.00209694,0.00212472,8.0
200.0,200.0,2890.0,0.000334231,0.00016843,0.00015784,0.00014869,0.00016086,8.0
100.0,100.0,1246.0,0.000506331,0.00025494,0.000241501,0.00022537,0.000237941,8.0
100.0,100.0,199.0,3.26e-05,2.85e-05,2.89e-05,2.84e-05,3.93e-05,8.0
20403.0,20403.0,203.0,6.14e-05,9.68e-05,7.61e-05,3.03e-05,0.00012807,8.0
20403.0,20403.0,203.0,5.5e-05,5.05e-05,4.9e-05,2.6e-05,0.00013372,8.0
20403.0,20403.0,101605.0,0.00123499,0.000978751,0.000854301,0.000657161,0.000671371,8.0
3858.0,3858.0,12787.0,0.0530151,0.00587989,0.00465946,0.00464435,0.0374685,8.0
3858.0,3858.0,4823.0,0.00124179,0.00055134,0.00055227,0.000547571,0.000551591,8.0
3858.0,3858.0,1447.0,0.000412221,0.00018891,0.00019193,0.000186961,0.00023184,8.0
7716.0,7716.0,18193.0,0.00324909,0.00292645,0.002933,0.00290354,0.00296372,8.0
3858.0,3858.0,11931.0,0.00590037,0.0052563,0.00525371,0.00520173,0.00527036,8.0
3858.0,3858.0,12602.0,0.0232244,0.00536472,0.00449791,0.00443683,0.0326993,8.0
3858.0,3858.0,1183.0,0.00016966,0.00016895,0.00016896,0.00016592,0.00017099,8.0
5542.0,5542.0,2416.0,0.000284021,0.00024132,0.00025364,0.00015861,0.00024384,8.0
5542.0,5542.0,2416.0,0.00027579,0.00023488,0.00015574,0.00014373,0.00024613,8.0
4835.0,4835.0,121.0,5.62e-05,4.93e-05,6.02e-05,4.57e-05,0.0002116,8.0
7716.0,7716.0,16305.0,0.0266751,0.00531806,0.00321867,0.0026736,0.00268818,8.0
3858.0,3858.0,11993.0,0.029157,0.00759742,0.00551569,0.00498738,0.00926665,8.0
3858.0,3858.0,1965.0,0.00025106,0.00020368,0.000205231,0.000203,0.000207561,8.0
12348.0,12348.0,287676.0,0.0466752,0.0288772,0.0377931,0.0226775,0.0953756,8.0
2930.0,2930.0,21234.0,0.00204217,0.00178586,0.000889981,0.000879591,0.0112111,8.0
4028.0,4028.0,9927.0,0.0210663,0.000536571,0.000431181,0.00040776,0.00044377,8.0
2014.0,2014.0,5021.0,0.0244822,0.000791091,0.000645461,0.00062253,0.0006461,8.0
2014.0,2014.0,23.0,6.28e-05,4.78e-05,4.74e-05,4.51e-05,5.16e-05,8.0
3858.0,3858.0,165.0,0.00013521,6.53e-05,6.59e-05,6.43e-05,6.48e-05,8.0
3858.0,3858.0,165.0,0.00011692,6.26e-05,5.99e-05,5.91e-05,6.1e-05,8.0
475.0,475.0,4597.0,0.00058488,0.00036372,0.000357011,0.00034391,0.000344461,8.0
238.0,238.0,522.0,0.00075773,0.00041385,0.000400211,0.00038749,0.000389131,8.0
238.0,238.0,1690.0,0.00013223,0.00012121,0.00012237,0.00012043,0.0001205,8.0
7716.0,7716.0,21029.0,0.00270118,0.00244385,0.00239261,0.00238673,0.0142049,8.0
3858.0,3858.0,12439.0,0.0124083,0.00480294,0.00415439,0.00413617,0.0345191,8.0
7716.0,7716.0,12749.0,0.0148917,0.00388679,0.00270159,0.00195174,0.00195225,8.0
3858.0,3858.0,10941.0,0.0168326,0.00572944,0.00447032,0.00371775,0.00372799,8.0
3858.0,3858.0,856.0,0.00011366,0.00010197,0.00010276,0.00010093,0.00010786,8.0
3858.0,3858.0,96.0,3.66e-05,3.53e-05,4.19e-05,3.27e-05,3.69e-05,8.0
7716.0,7716.0,15879.0,0.00278049,0.00266859,0.00256499,0.00255172,0.00256272,8.0
3858.0,3858.0,11922.0,0.00509767,0.00486324,0.00473079,0.00472588,0.00478793,8.0
3858.0,3858.0,1815.0,0.00021633,0.00019259,0.00019027,0.000188451,0.00018927,8.0
2836.0,2836.0,175.0,0.00021034,5.32e-05,4.12e-05,4.07e-05,4.29e-05,8.0
1418.0,1418.0,72.0,3.46e-05,3.1e-05,2.94e-05,2.9e-05,3.15e-05,8.0
610.0,610.0,703.0,5.97e-05,4.91e-05,4.63e-05,4.49e-05,4.7e-05,8.0
610.0,610.0,1008.0,6.44e-05,5.12e-05,5.13e-05,4.98e-05,5.39e-05,8.0
1205.0,1205.0,650.0,9.43e-05,0.0001886,0.0001237,7.55e-05,0.000208481,8.0
1205.0,1205.0,650.0,9.47e-05,0.00453577,8.78e-05,7.8e-05,0.00042166,8.0
150.0,150.0,5518.0,0.0152404,0.00131553,0.00125542,0.00123182,0.0273472,8.0
1000.0,1000.0,9978.0,0.00251966,0.00114673,0.00113155,0.00113048,0.00113594,8.0
352013.0,677224.0,1850000.0,0.0002303,2.84e-05,2.1e-05,1.46e-05,2.18e-05,8.0
176007.0,338612.0,915500.0,0.000399861,5.55e-05,4.34e-05,3.67e-05,3.77e-05,8.0
176007.0,338612.0,8119.0,1.59e-05,1.79e-05,2.09e-05,1.56e-05,1.57e-05,8.0
7716.0,7716.0,18866.0,0.00231356,0.0020892,0.00211127,0.00206783,0.012871,8.0
3858.0,3858.0,12170.0,0.00528012,0.00455533,0.00453945,0.00448452,0.0152942,8.0
3858.0,3858.0,2989.0,0.000418531,0.00036837,0.00035858,0.00035758,0.00036827,8.0
94.0,94.0,752.0,0.00021446,7.78e-05,7.02e-05,6.04e-05,6.53e-05,8.0
47.0,47.0,162.0,3.86e-05,3.66e-05,3.55e-05,3.54e-05,3.8e-05,8.0
20108.0,20108.0,370519.0,0.00285693,0.00209681,0.0122338,0.00206568,0.043961,8.0
1020.0,1020.0,5883.0,0.00127528,0.00025778,0.00023027,0.00022565,0.0002261,8.0
510.0,510.0,2497.0,0.00156553,0.00038429,0.00034554,0.00033774,0.00034041,8.0
215.0,215.0,177.0,3.97e-05,3.54e-05,4.04e-05,3.36e-05,3.36e-05,8.0
165.0,165.0,2514.0,0.00014444,0.000133501,0.00013164,0.00013144,0.00013162,8.0
165.0,165.0,48.0,2.51e-05,2.25e-05,2.36e-05,2.14e-05,2.22e-05,8.0
7716.0,7716.0,18663.0,0.00231919,0.00205293,0.00203961,0.00203556,0.018778,8.0
3858.0,3858.0,701.0,0.00013887,0.00012841,0.00012672,0.00012532,0.00012724,8.0
3858.0,3858.0,4729.0,0.00057059,0.000545821,0.000561471,0.000541371,0.000543301,8.0
3858.0,3858.0,4729.0,0.000593021,0.00058056,0.00058093,0.00057905,0.000582581,8.0
13251.0,13251.0,48737.0,0.00811853,0.000902911,0.00087245,0.000871511,0.0145261,8.0
6626.0,6626.0,14599.0,0.0102264,0.0014031,0.00130485,0.00129381,0.0150083,8.0
6626.0,6626.0,1231.0,8.75e-05,7.38e-05,5.99e-05,5.96e-05,6.77e-05,8.0
7716.0,7716.0,25711.0,0.0050251,0.00199832,0.00197164,0.00197061,0.0228722,8.0
3858.0,3858.0,13377.0,0.024689,0.0048555,0.00417105,0.00403918,0.0442048,8.0
3858.0,3858.0,5359.0,0.00138456,0.000872991,0.00061947,0.000617,0.000626981,8.0
8788.0,8788.0,118826.0,0.00163038,0.00138769,0.00136576,0.0013035,0.0120857,8.0
29.0,29.0,47.0,6.65e-05,6.11e-05,7.02e-05,5.36e-05,5.54e-05,8.0
1140000.0,1140000.0,114000000.0,15.2348,10.6189,10.4309,10.3139,10.7679,8.0
569953.0,569953.0,35400000.0,16.6948,12.2367,12.034,11.8846,12.4804,8.0
7716.0,7716.0,17985.0,0.00250528,0.00193616,0.00196303,0.00190265,0.0239501,8.0
3858.0,3858.0,12048.0,0.0065833,0.00427576,0.00423319,0.00417057,0.0262269,8.0
3858.0,3858.0,10048.0,0.00804419,0.00312711,0.00316306,0.00307676,0.00307861,8.0
55486.0,55486.0,358943.0,0.00627102,0.00797669,0.00497241,0.00491704,0.0360067,8.0
366.0,366.0,5124.0,0.0225333,0.0003931,0.00032206,0.00031395,0.00031788,8.0
183.0,183.0,364.0,0.023076,0.00049733,0.00040542,0.00039439,0.00040215,8.0
183.0,183.0,2198.0,0.00018478,0.00018884,0.00016718,0.00016581,0.00016861,8.0
717.0,717.0,62.0,6.48e-05,5.78e-05,5.64e-05,4.58e-05,0.00024646,8.0
11418.0,11418.0,7477.0,0.00195759,0.00096875,0.000962221,0.00088274,0.00399877,8.0
11418.0,11418.0,345204.0,0.0231453,0.0231464,0.023074,0.0221398,0.0680848,8.0
7716.0,7716.0,11780.0,0.00212342,0.00196587,0.00186472,0.00184697,0.00185715,8.0
3858.0,3858.0,539.0,0.00015155,0.00013255,0.00014034,0.00013005,0.000132231,8.0
3858.0,3858.0,52.0,4.46e-05,3.88e-05,3.85e-05,3.83e-05,3.88e-05,8.0
155.0,155.0,20.0,2.97e-05,2.51e-05,2.98e-05,2.06e-05,2.31e-05,8.0
162779.0,162779.0,1810000.0,0.0406923,0.0301566,0.0291744,0.0291516,0.0735267,8.0
32.0,32.0,8.0,3.09e-05,3.01e-05,3.5e-05,2.88e-05,3.1e-05,8.0
100000.0,100000.0,999970.0,0.0225253,0.0245839,0.0312595,0.00947609,0.0662766,8.0
1860000.0,1860000.0,9630000.0,0.0833367,0.0974054,0.100819,0.0804059,0.146974,8.0
7716.0,7716.0,19823.0,0.00255936,0.00228691,0.00223912,0.00221149,0.0237287,8.0
3858.0,3858.0,12444.0,0.00673185,0.00494375,0.00488152,0.00481683,0.0263503,8.0
15690.0,15690.0,54500.0,0.0413578,0.0070474,0.0187063,0.00703527,0.0900631,8.0
4753.0,4753.0,267.0,0.00015345,7.74e-05,7.86e-05,7.61e-05,0.00014688,8.0
15690.0,15690.0,16325.0,0.00443342,0.00225719,0.00222913,0.00221714,0.00484418,8.0
1922.0,1922.0,30336.0,0.0211434,0.000878171,0.000823831,0.000760601,0.0278773,8.0
961.0,961.0,14115.0,0.0310116,0.00139008,0.0013302,0.00126891,0.0378175,8.0
131072.0,131072.0,3666.0,0.00115537,0.0011087,0.00110159,0.00109342,0.00110301,8.0
7716.0,7716.0,22671.0,0.0453815,0.00349313,0.00336606,0.00279364,0.0194882,8.0
3858.0,3858.0,12553.0,0.0557405,0.00544086,0.00525165,0.00467017,0.0406685,8.0
32405.0,32405.0,246457.0,0.00287775,0.00240498,0.00240841,0.00237828,0.0228781,8.0
32405.0,32405.0,40687.0,0.00102204,0.000687961,0.000684961,0.000684821,0.000849521,8.0
55178.0,55178.0,285096.0,0.0266756,0.0123825,0.0361491,0.00893489,0.121086,8.0
39921.0,39921.0,265729.0,0.0284246,0.0131644,0.0453746,0.0117207,0.0950128,8.0
39921.0,39921.0,260340.0,0.00231325,0.00171038,0.00150566,0.00144791,0.0222371,8.0
1027.0,1027.0,9213.0,0.0651191,0.00232209,0.00215824,0.00197763,0.0232506,8.0
1027.0,1027.0,4110.0,0.000919601,0.00080266,0.000792901,0.00040079,0.000405341,8.0
1027.0,1027.0,6.0,4.32e-05,3.62e-05,3.59e-05,2.42e-05,2.48e-05,8.0
3858.0,3858.0,11048.0,0.00650445,0.00388371,0.00392633,0.00379905,0.0038862,8.0
3858.0,3858.0,807.0,0.00012433,0.00010382,0.00010121,9.88e-05,9.89e-05,8.0
1220.0,1220.0,5855.0,0.000344881,0.00023998,0.00023075,0.000222771,0.00387748,8.0
610.0,610.0,1913.0,0.000576401,0.00031382,0.00029792,0.000288201,0.00393631,8.0
610.0,610.0,994.0,5.82e-05,5.22e-05,5.03e-05,4.9e-05,5.33e-05,8.0
610.0,610.0,2245.0,0.000111831,0.00010473,0.000100841,9.95e-05,0.00010997,8.0
610.0,610.0,2264.0,0.00012019,0.00010381,0.00010076,9.92e-05,0.000106361,8.0
7716.0,7716.0,22884.0,0.00287087,0.00258536,0.00254134,0.00253458,0.021251,8.0
3858.0,3858.0,4517.0,0.000545731,0.00052956,0.00052981,0.000508551,0.00050889,8.0
3858.0,3858.0,4517.0,0.000583521,0.000540101,0.000564981,0.00053829,0.000540131,8.0
3858.0,3858.0,2636.0,0.00037362,0.00031269,0.000318911,0.000311641,0.00031271,8.0
3858.0,3858.0,595.0,9.03e-05,6.56e-05,8.42e-05,6.42e-05,6.67e-05,8.0
3858.0,3858.0,865.0,0.00014592,0.00013979,0.000170121,0.00013952,0.00014094,8.0
350.0,350.0,1316.0,0.000279321,0.000256651,0.00025957,0.00024973,0.00031862,8.0
350.0,350.0,1316.0,0.00028155,0.00025196,0.000266231,0.0001726,0.00030883,8.0
350.0,350.0,7329.0,0.000623121,0.00055152,0.00055396,0.00027932,0.0002987,8.0
7716.0,7716.0,14224.0,0.0299092,0.00389692,0.00225358,0.00222632,0.00223859,8.0
3858.0,3858.0,11359.0,0.0319148,0.0058603,0.00420806,0.00417181,0.00418727,8.0
3858.0,3858.0,1339.0,0.000159581,0.00014156,0.00014251,0.00013805,0.00013822,8.0
3306.0,3306.0,28139.0,0.00126799,0.000634541,0.00064547,0.00063191,0.0160759,8.0
3306.0,3306.0,28139.0,0.00111391,0.000787531,0.000721641,0.000697251,0.0119942,8.0
5308.0,5308.0,393.0,0.0269065,0.00018113,0.00015027,0.00013104,0.0054978,8.0
2654.0,2654.0,43.0,8.56e-05,5.24e-05,6.01e-05,5.17e-05,5.19e-05,8.0
512.0,512.0,3502.0,0.0279844,0.00049081,0.000404921,0.00038816,0.00290346,8.0
256.0,256.0,1846.0,0.0284842,0.00073722,0.000512841,0.00049359,0.00301,8.0
256.0,256.0,1.0,5.07e-05,3.47e-05,2.08e-05,2.03e-05,2.42e-05,8.0
10240.0,10240.0,60760.0,0.00275153,0.00109766,0.00110504,0.00106946,0.0227989,8.0
5120.0,5120.0,20002.0,0.00796534,0.00179718,0.00224336,0.00173526,0.0405408,8.0
5120.0,5120.0,9046.0,0.00047726,0.000680011,0.00034154,0.0003362,0.00034552,8.0
3858.0,3858.0,164.0,7.69e-05,6.18e-05,5.92e-05,5.88e-05,6.65e-05,8.0
15690.0,15690.0,7615.0,0.00162691,0.00071399,0.000708721,0.000696151,0.000713511,8.0
7716.0,7716.0,20615.0,0.0117964,0.00235626,0.0023217,0.00231334,0.0117385,8.0
3858.0,3858.0,12434.0,0.0319807,0.00757822,0.0049576,0.00494066,0.0143613,8.0
7227.0,7227.0,57689.0,0.00085127,0.000880671,0.000664601,0.000562761,0.0037413,8.0
3858.0,3858.0,1897.0,0.000213211,0.00019332,0.00019199,0.00018945,0.0001899,8.0
15690.0,15690.0,2780.0,0.000545251,0.00025024,0.00024521,0.00024325,0.00024559,8.0
7716.0,7716.0,16245.0,0.00302661,0.00268387,0.00269631,0.0026765,0.0026898,8.0
3858.0,3858.0,1917.0,0.00025168,0.00019995,0.00020143,0.000197321,0.000198611,8.0
65536.0,65536.0,2530000.0,2.64762,2.68242,2.64782,2.6412,4.68843,8.0
48.0,48.0,504.0,0.00065936,0.00028708,0.00026826,0.00026819,0.000271581,8.0
28988.0,28988.0,28988.0,0.0302201,0.0172664,0.0270095,0.0107293,0.0657837,8.0
28988.0,28988.0,234711.0,0.00211949,0.00193241,0.0551367,0.00182283,0.0440078,8.0
28988.0,28988.0,33525.0,0.000841661,0.000601971,0.0264545,0.000590501,0.00067343,8.0
8788.0,8788.0,4962.0,0.00094875,0.0004471,0.00042048,0.00041597,0.00043751,8.0
8788.0,8788.0,118826.0,0.00163658,0.0013223,0.00132762,0.00131038,0.0160768,8.0
7716.0,7716.0,14283.0,0.0368949,0.00305712,0.00234599,0.00229351,0.00231571,8.0
3858.0,3858.0,11404.0,0.0483111,0.00507726,0.00435227,0.00429958,0.00432021,8.0
99.0,99.0,927.0,0.000975351,8.19e-05,6.85e-05,6.19e-05,0.00217019,8.0
50.0,50.0,206.0,0.00112327,0.000123,0.00010724,9.58e-05,0.00220387,8.0
50.0,50.0,359.0,3.89e-05,3.42e-05,3.42e-05,3.29e-05,3.42e-05,8.0
160.0,160.0,416.0,0.00027482,5.25e-05,4.41e-05,4.09e-05,4.47e-05,8.0
80.0,80.0,192.0,0.00040143,9.75e-05,8.03e-05,7.87e-05,8.27e-05,8.0
80.0,80.0,16.0,3.15e-05,3.08e-05,3.39e-05,3.04e-05,3.41e-05,8.0
5308.0,5308.0,413.0,0.00024379,7.73e-05,6.79e-05,6.03e-05,6.52e-05,8.0
22885.0,22885.0,458.0,9.44e-05,8.37e-05,4.45e-05,4.42e-05,0.00023807,8.0
22885.0,22885.0,142123.0,0.0019519,0.00141093,0.00106685,0.00105848,0.0115227,8.0
7716.0,7716.0,22328.0,0.033354,0.00358153,0.00255077,0.00251743,0.0239635,8.0
3858.0,3858.0,12491.0,0.0398463,0.00540578,0.00750114,0.00432495,0.0383713,8.0
3858.0,3858.0,4301.0,0.000505681,0.000498471,0.00049309,0.00048581,0.00049206,8.0
3858.0,3858.0,4301.0,0.00053276,0.00052026,0.000521161,0.000515881,0.000520501,8.0
2051.0,2051.0,20071.0,0.000524801,0.000544281,0.000531321,0.000509071,0.000937031,8.0
7716.0,7716.0,24636.0,0.0364673,0.00328315,0.00323456,0.00290638,0.0224441,8.0
3858.0,3858.0,12974.0,0.0702841,0.00599162,0.00525314,0.00491458,0.0387704,8.0
3858.0,3858.0,5053.0,0.00142731,0.000669021,0.000634801,0.00063141,0.000639951,8.0
3858.0,3858.0,1556.0,0.00046087,0.00020255,0.00020293,0.000199671,0.00020359,8.0
2836.0,2836.0,174.0,0.00048086,5.72e-05,4.69e-05,3.88e-05,0.00047569,8.0
1418.0,1418.0,16.0,0.000996081,9.62e-05,8.09e-05,6.97e-05,0.00050739,8.0
70560.0,70560.0,380007.0,0.00215556,0.00155742,0.00154039,0.00150845,0.0397647,8.0
70560.0,70560.0,43353.0,0.00150836,0.00122065,0.00131712,0.00120465,0.00815354,8.0
8879.0,8879.0,77047.0,0.061214,0.0382458,0.0528604,0.0299926,0.0631718,8.0
160.0,160.0,763.0,0.00120841,0.00072007,0.00068214,0.000669941,0.000670071,8.0
160.0,160.0,836.0,0.00019925,0.00016273,0.000162381,0.00016029,0.00016464,8.0
8420.0,8420.0,1206.0,0.00035376,0.00028575,0.000385751,0.00018704,0.000261641,8.0
8420.0,8420.0,1206.0,0.000315761,0.0002791,0.00029575,0.00018181,0.00024934,8.0
2654.0,2654.0,197.0,0.00019535,8.78e-05,9.62e-05,7.88e-05,8.24e-05,8.0
100531.0,100531.0,483666.0,0.00821243,0.00794699,0.00805728,0.00794542,0.0540561,8.0
3858.0,3858.0,924.0,0.00011768,0.00010673,0.00010968,0.00010521,0.00010677,8.0
30000.0,30000.0,109998.0,0.00102,0.00106097,0.00058691,0.000578701,0.000619991,8.0
3858.0,3858.0,594.0,0.000106341,9.97e-05,0.00010992,9.54e-05,9.7e-05,8.0
65536.0,65536.0,294358.0,0.00406153,0.003954,0.00397025,0.0039403,0.0239963,8.0
3858.0,3858.0,774.0,0.00014925,0.00013938,0.00014263,0.00013303,0.00013951,8.0
5000.0,5000.0,200.0,5.39e-05,4.31e-05,4.12e-05,3.95e-05,4.41e-05,8.0
514.0,514.0,23.0,6.26e-05,6.29e-05,5.54e-05,5.14e-05,6e-05,8.0
514.0,514.0,23.0,6.84e-05,5.18e-05,5.02e-05,4.98e-05,4.99e-05,8.0
7716.0,7716.0,18238.0,0.0288115,0.00264893,0.0026371,0.0020412,0.0134937,8.0
3858.0,3858.0,12136.0,0.0624166,0.00506375,0.00504031,0.00443574,0.0158753,8.0
6666.0,6666.0,954.0,0.00026334,0.00023773,0.00023781,0.0002355,0.00023843,8.0
7269.0,7269.0,12993.0,0.00162425,0.00162297,0.00161723,0.00160145,0.00165923,8.0
5027.0,102152.0,184128.0,1.53e-05,1.53e-05,2.02e-05,1.38e-05,1.5e-05,8.0
5027.0,102152.0,349736.0,1.77e-05,1.46e-05,1.41e-05,1.37e-05,1.39e-05,8.0
5027.0,102152.0,428268.0,2.43e-05,1.49e-05,1.52e-05,1.32e-05,2.07e-05,8.0
160836.0,160836.0,17532.0,0.00386841,0.00353329,0.00335279,0.00334264,0.00379832,8.0
160836.0,160836.0,17532.0,0.00496753,0.00341236,0.00348801,0.00328104,0.00381108,8.0
199.0,199.0,610.0,5.76e-05,4.93e-05,5.55e-05,4.86e-05,4.99e-05,8.0
199.0,199.0,598.0,5.95e-05,4.95e-05,5.39e-05,4.78e-05,4.79e-05,8.0
541.0,541.0,4285.0,0.000509101,0.00015289,0.00014608,0.00013882,0.00014918,8.0
271.0,271.0,1253.0,0.000667981,0.00022081,0.00020492,0.00019419,0.00020472,8.0
271.0,271.0,1513.0,6.47e-05,5.61e-05,6.32e-05,5.55e-05,5.6e-05,8.0
7716.0,7716.0,16688.0,0.00290217,0.00275618,0.00265015,0.00263596,0.00269762,8.0
3858.0,3858.0,11812.0,0.00524201,0.00493272,0.00482415,0.00479817,0.00491144,8.0
15690.0,15690.0,21971.0,0.00319197,0.0031655,0.00318405,0.00315647,0.012937,8.0
367.0,367.0,2417.0,0.0439067,0.000494261,0.00042308,0.00035096,0.000351771,8.0
184.0,184.0,688.0,0.0442642,0.000640002,0.00055552,0.00048797,0.000490681,8.0
182.0,182.0,316.0,0.00049631,0.000262521,0.00024013,0.000234611,0.00023491,8.0
182.0,182.0,791.0,8.31e-05,6.73e-05,6.95e-05,6.72e-05,6.96e-05,8.0
24033.0,24033.0,24033.0,0.0582927,0.00999233,0.0139673,0.00723367,0.057714,8.0
24033.0,24033.0,31283.0,0.0005822,0.000618321,0.000565731,0.00055549,0.00395566,8.0
1374.0,1374.0,8606.0,0.000642861,0.00028503,0.00027434,0.00026357,0.00026623,8.0
687.0,687.0,4190.0,0.000948651,0.00043209,0.00041558,0.00040098,0.00040278,8.0
687.0,687.0,108.0,4.57e-05,3.38e-05,3.15e-05,3.13e-05,3.21e-05,8.0
687.0,687.0,82.0,4.07e-05,3.04e-05,3.04e-05,2.9e-05,2.93e-05,8.0
5308.0,5308.0,401.0,0.00023432,7.64e-05,6.66e-05,6.01e-05,6.16e-05,8.0
2654.0,2654.0,36.0,0.00034663,0.00011444,9.88e-05,9.23e-05,9.36e-05,8.0
2654.0,2654.0,159.0,4.83e-05,4.87e-05,3.95e-05,3.88e-05,4.23e-05,8.0
225.0,225.0,1065.0,0.000215581,4.93e-05,4.44e-05,4.39e-05,4.42e-05,8.0
113.0,113.0,519.0,0.000342261,8.54e-05,7.99e-05,7.54e-05,7.56e-05,8.0
113.0,113.0,16.0,2.67e-05,3.05e-05,2.32e-05,2.24e-05,2.49e-05,8.0
20745.0,20745.0,250417.0,0.0544861,0.0419785,0.0467855,0.0390927,0.111509,8.0
20745.0,20745.0,43621.0,0.00205288,0.000553341,0.00055045,0.00054103,0.0119011,8.0
20745.0,20745.0,22544.0,0.00269826,0.000844981,0.000808821,0.000792681,0.023973,8.0
21701.0,21701.0,84076.0,0.0291609,0.000940281,0.000911251,0.000907301,0.0512989,8.0
91365.0,91365.0,186167.0,0.00131992,0.00129839,0.00131898,0.00125486,0.0240448,8.0
5308.0,5308.0,389.0,0.0128638,8.08e-05,6.88e-05,6.02e-05,0.00403324,8.0
490.0,490.0,4776.0,0.0149348,0.00037369,0.00036184,0.000354521,0.000355791,8.0
245.0,245.0,721.0,0.000229171,0.00022888,0.00023353,0.00022065,0.00022465,8.0
1220.0,1220.0,5892.0,0.000660391,0.000250781,0.00024287,0.00021187,0.00022773,8.0
610.0,610.0,1917.0,0.000854141,0.000320841,0.00030468,0.00026863,0.00028439,8.0
610.0,610.0,703.0,8.68e-05,4.84e-05,4.57e-05,4.45e-05,4.98e-05,8.0
500.0,500.0,4942.0,0.0171634,0.00263548,0.00230318,0.00230288,0.0135994,8.0
500.0,500.0,5032.0,0.00217237,0.00108507,0.00108388,0.00108373,0.00110141,8.0
7716.0,7716.0,17079.0,0.00708835,0.00276472,0.00276671,0.00276426,0.0028108,8.0
3858.0,3858.0,11948.0,0.00970774,0.00509218,0.00505177,0.00502511,0.00507391,8.0
4901.0,4901.0,296.0,7.05e-05,5.95e-05,7.27e-05,5.46e-05,0.00029401,8.0
2517.0,2517.0,19044.0,0.000901501,0.000866891,0.000858561,0.00082971,0.0203869,8.0
2517.0,2517.0,19044.0,0.00124664,0.00126324,0.00057496,0.000563411,0.0079997,8.0
2517.0,2517.0,3126.0,0.000232591,0.000220801,0.00013799,0.00012455,0.00029093,8.0
560.0,560.0,6891.0,0.020891,0.00122692,0.00116637,0.00115693,0.00119919,8.0
280.0,280.0,1312.0,0.0209945,0.0013096,0.00124257,0.00123497,0.00128853,8.0
280.0,280.0,2417.0,0.00019472,0.00017741,0.0001763,0.00017393,0.00018378,8.0
280.0,280.0,745.0,0.00015694,0.00015969,0.00015711,0.000153161,0.00015561,8.0
6666.0,6666.0,1406.0,0.0340736,0.00420259,0.00209709,0.00205704,0.00206081,8.0
6666.0,6666.0,1593.0,0.00047992,0.000444441,0.000446721,0.00043783,0.000439271,8.0
261.0,261.0,1500.0,0.00022884,8.66e-05,8.08e-05,7.15e-05,0.00363186,8.0
131.0,131.0,711.0,0.00159497,0.0001815,0.00017685,0.00016496,0.00372909,8.0
131.0,131.0,42.0,6.01e-05,5.22e-05,5.73e-05,5.01e-05,5.11e-05,8.0
1059.0,1059.0,4919.0,0.000691901,0.000517231,0.000498451,0.000483471,0.00048774,8.0
530.0,530.0,2026.0,0.00117447,0.000842431,0.000822361,0.000799532,0.00080855,8.0
1.0,1.0,1.0,0.00014583,2.56e-05,2.24e-05,1.63e-05,2.32e-05,8.0
66.0,66.0,106.0,5.54e-05,5.18e-05,4.46e-05,4.09e-05,4.91e-05,8.0
66.0,66.0,165.0,5.44e-05,5.62e-05,4.73e-05,4.34e-05,4.62e-05,8.0
33.0,33.0,5.0,9.24e-05,7.37e-05,6.6e-05,6.49e-05,7.1e-05,8.0
33.0,33.0,22.0,0.00011925,7.83e-05,6.94e-05,6.58e-05,6.81e-05,8.0
33.0,33.0,5.0,4.39e-05,2.18e-05,2.5e-05,2.09e-05,2.13e-05,8.0
33.0,33.0,93.0,4.17e-05,2.36e-05,2.47e-05,2.35e-05,2.69e-05,8.0
33.0,33.0,22.0,4.73e-05,2.14e-05,2.21e-05,2.11e-05,2.48e-05,8.0
33.0,33.0,42.0,3.77e-05,2.21e-05,2.24e-05,2.08e-05,2.87e-05,8.0
33.0,33.0,18.0,3.64e-05,2.19e-05,2.19e-05,2.04e-05,2.49e-05,8.0
7716.0,7716.0,22963.0,0.00289678,0.00261114,0.00259655,0.00259125,0.017969,8.0
3858.0,3858.0,12485.0,0.00540014,0.00449068,0.00443542,0.00442325,0.0362507,8.0
3858.0,3858.0,4567.0,0.000565571,0.0005315,0.00052275,0.0005209,0.00052519,8.0
1929.0,1929.0,4866.0,0.016882,0.00592446,0.00593437,0.00584517,0.0376841,8.0
1929.0,1929.0,502.0,0.00010028,8.77e-05,7.56e-05,7.42e-05,7.59e-05,8.0
1929.0,1929.0,156.0,4.27e-05,4.05e-05,4.03e-05,3.98e-05,4.06e-05,8.0
1929.0,1929.0,1300.0,0.00022265,0.00019725,0.00022622,0.0001829,0.00018941,8.0
1929.0,1929.0,502.0,0.00011429,0.00012909,0.000107761,0.00010602,0.00010636,8.0
1929.0,1929.0,156.0,4.53e-05,3.94e-05,3.9e-05,3.85e-05,4.05e-05,8.0
3333.0,3333.0,260.0,9.4e-05,9.09e-05,9.09e-05,9.04e-05,9.04e-05,8.0
3333.0,3333.0,306.0,0.00010278,0.00010852,0.00010212,0.00010147,0.00010189,8.0
3333.0,3333.0,365.0,0.0001253,0.00012267,0.00012206,0.0001207,0.000122131,8.0
3333.0,3333.0,304.0,0.00011157,0.00011426,0.00010853,0.00010698,0.00010741,8.0
3333.0,3333.0,365.0,0.00012635,0.00012196,0.00012802,0.00012125,0.00012851,8.0
7845.0,7845.0,11544.0,0.0038257,0.00196871,0.00198163,0.00195999,0.00196934,8.0
15690.0,15690.0,15481.0,0.00405189,0.00188344,0.0018723,0.0018687,0.00187696,8.0
7845.0,7845.0,692.0,0.00015989,8.63e-05,0.00011359,8.49e-05,9.51e-05,8.0
7845.0,7845.0,282.0,4.65e-05,4.66e-05,4.59e-05,4.53e-05,4.53e-05,8.0
2169.0,2169.0,15145.0,0.0322,0.000950521,0.000943971,0.000921691,0.0193695,8.0
1085.0,1085.0,1085.0,0.0580165,0.00106677,0.00106191,0.0010391,0.0194589,8.0
543.0,543.0,543.0,0.0582939,0.00111337,0.00110466,0.00108232,0.0195074,8.0
543.0,543.0,3911.0,0.000630521,0.00041845,0.00039162,0.00038291,0.00038559,8.0
543.0,543.0,185.0,2.76e-05,2.83e-05,2.66e-05,2.55e-05,3.31e-05,8.0
543.0,543.0,1852.0,9.95e-05,9.57e-05,9.01e-05,8.92e-05,9.82e-05,8.0
543.0,543.0,185.0,3.3e-05,2.68e-05,2.69e-05,2.67e-05,3.13e-05,8.0
543.0,543.0,543.0,5.43e-05,4.11e-05,3.23e-05,3.22e-05,5.08e-05,8.0
22551.0,22551.0,11000000.0,12.4311,11.8125,11.6444,11.4024,12.715,8.0
9255.0,9255.0,67110.0,0.00194783,0.00164393,0.00163657,0.00163033,0.0155514,8.0
7716.0,7716.0,15897.0,0.00644721,0.00258801,0.00259285,0.00257082,0.00258303,8.0
3858.0,3858.0,11511.0,0.00874062,0.00471671,0.00469832,0.00468775,0.00469384,8.0
3858.0,3858.0,1997.0,0.00026915,0.000263461,0.00026509,0.00026103,0.000270341,8.0
410.0,410.0,3952.0,0.0133391,0.00061444,0.00059542,0.000585501,0.000607791,8.0
682.0,682.0,3148.0,0.00156331,0.000908832,0.000875332,0.000663131,0.00705865,8.0
682.0,682.0,7685.0,0.00071786,0.00069915,0.000356081,0.00035316,0.000364111,8.0
1164.0,1164.0,9447.0,0.000665081,0.0006075,0.000547691,0.00054285,0.0178446,8.0
4000.0,4000.0,29336.0,0.0163879,0.00113733,0.00112002,0.00110885,0.0224318,8.0
2000.0,2000.0,7334.0,0.024806,0.00164388,0.00162457,0.001613,0.0229421,8.0
2000.0,2000.0,7334.0,0.000534771,0.000495911,0.000497941,0.000495431,0.000500121,8.0
1271.0,1271.0,1271.0,0.0001277,6.48e-05,6.51e-05,6.03e-05,6.36e-05,8.0
1271.0,1271.0,1271.0,7.13e-05,5.94e-05,5.72e-05,5.61e-05,5.64e-05,8.0
3858.0,3858.0,1707.0,0.000231991,0.00017793,0.000202841,0.000171631,0.00017328,8.0
3858.0,3858.0,298.0,5.61e-05,5e-05,4.73e-05,4.69e-05,7.71e-05,8.0
907.0,907.0,1339.0,0.00022101,0.00021247,0.00020897,0.00020894,0.00021037,8.0
907.0,907.0,5111.0,0.000644801,0.000650521,0.000645541,0.00064405,0.00065677,8.0
3858.0,3858.0,2266.0,0.000291571,0.00027494,0.000276041,0.00027289,0.000274931,8.0
1220.0,1220.0,5892.0,0.000341231,0.00022414,0.000208571,0.00020532,0.000208111,8.0
610.0,610.0,1917.0,0.000513831,0.00029226,0.000269861,0.00026445,0.000265881,8.0
610.0,610.0,1008.0,5.67e-05,5.07e-05,5e-05,4.89e-05,5.15e-05,8.0
610.0,610.0,2264.0,0.00012564,0.000103021,0.00010086,9.91e-05,9.91e-05,8.0
3002.0,3002.0,9000.0,0.000263071,0.00017893,0.00016977,0.000169421,0.00017011,8.0
1501.0,1501.0,3499.0,6.53e-05,6.4e-05,6.51e-05,5.91e-05,5.98e-05,8.0
7716.0,7716.0,18418.0,0.00213739,0.00201402,0.00199306,0.00197664,0.0150061,8.0
3858.0,3858.0,12090.0,0.00604383,0.00436093,0.00438084,0.00431532,0.0173361,8.0
3858.0,3858.0,2833.0,0.00036221,0.0003487,0.00034343,0.000335961,0.000341381,8.0
3858.0,3858.0,2833.0,0.000356431,0.000342461,0.000375691,0.00033736,0.00038541,8.0
7716.0,7716.0,23783.0,0.00614777,0.00278898,0.0027412,0.00273466,0.0137836,8.0
3858.0,3858.0,12730.0,0.00846185,0.00469412,0.00462727,0.00462132,0.0278613,8.0
15690.0,15690.0,21757.0,0.00579726,0.00262535,0.00261989,0.0026189,0.00262497,8.0
144494.0,144494.0,698210.0,0.0125403,0.0121933,0.0122295,0.0120187,0.0722424,8.0
1258.0,1258.0,7682.0,0.00357059,0.0002934,0.000272221,0.00026016,0.00037111,8.0
629.0,629.0,912.0,0.00394395,0.00036179,0.000340191,0.00031828,0.000429931,8.0
629.0,629.0,1079.0,8.58e-05,8.31e-05,8.21e-05,8.11e-05,8.39e-05,8.0
629.0,629.0,1985.0,0.00010717,9.23e-05,9.33e-05,9.06e-05,9.15e-05,8.0
58.0,58.0,174.0,0.00021394,4.89e-05,4.3e-05,3.78e-05,4e-05,8.0
29.0,29.0,68.0,0.00033695,9.33e-05,7.94e-05,7.59e-05,7.83e-05,8.0
29.0,29.0,19.0,3.91e-05,3.4e-05,3.35e-05,3.29e-05,3.38e-05,8.0
3158.0,3158.0,81533.0,0.00135567,0.00135075,0.00106198,0.00103934,0.0192558,8.0
7716.0,7716.0,19220.0,0.0277043,0.00251162,0.00215819,0.00213376,0.021891,8.0
3858.0,3858.0,3115.0,0.00083329,0.00037906,0.000372941,0.00036959,0.000374581,8.0
3858.0,3858.0,3115.0,0.000851901,0.000387581,0.00038462,0.000381361,0.00038626,8.0
430.0,430.0,1544.0,0.00052797,9.09e-05,8.67e-05,7.22e-05,9.47e-05,8.0
215.0,215.0,555.0,0.000853501,0.00014562,0.00013913,0.00011781,0.00014513,8.0
215.0,215.0,177.0,4.11e-05,3.9e-05,3.83e-05,3.48e-05,3.56e-05,8.0
215.0,215.0,641.0,5.34e-05,4.64e-05,4.38e-05,4.28e-05,4.33e-05,8.0
1133.0,1133.0,10902.0,0.00126459,0.00104361,0.00103657,0.00102306,0.00240734,8.0
567.0,567.0,6384.0,0.00281444,0.00220461,0.00221984,0.0021984,0.00359033,8.0
16606.0,37539.0,105778.0,1.61e-05,1.43e-05,1.29e-05,1.28e-05,1.49e-05,8.0
485.0,485.0,3135.0,0.00022642,0.00010125,9.82e-05,8.8e-05,9.28e-05,8.0
243.0,243.0,1493.0,0.00036741,0.00015607,0.00015609,0.000138,0.00014445,8.0
243.0,243.0,28.0,3.06e-05,3.38e-05,2.56e-05,2.4e-05,2.55e-05,8.0
7716.0,7716.0,15568.0,0.00266864,0.0025152,0.00256743,0.00249995,0.00250751,8.0
7716.0,7716.0,11722.0,0.00212632,0.00184492,0.00186088,0.00183289,0.00183792,8.0
3858.0,3858.0,10647.0,0.00399172,0.00356615,0.00359429,0.00354724,0.00361874,8.0
3858.0,3858.0,516.0,9.32e-05,8.49e-05,8.44e-05,8.37e-05,9.75e-05,8.0
7716.0,7716.0,16569.0,0.0223071,0.00332505,0.00263489,0.00260374,0.00267491,8.0
18029.0,18029.0,7466.0,0.000831461,0.00041976,0.000362091,0.00035577,0.000625441,8.0
903.0,903.0,1348.0,0.000544661,0.000475141,0.000375121,0.0002233,0.0002411,8.0
903.0,903.0,1348.0,0.0004269,0.00039953,0.00034749,0.0002137,0.00046196,8.0
903.0,903.0,30513.0,0.00111823,0.00113635,0.00108154,0.000980181,0.0192895,8.0
168.0,168.0,371.0,9.97e-05,8.86e-05,8.96e-05,8.74e-05,8.81e-05,8.0
1359.0,1359.0,5175.0,0.0298008,0.0019185,0.00189647,0.00165396,0.0328985,8.0
1359.0,1359.0,12680.0,0.000578871,0.00109752,0.00073027,0.00056923,0.0227249,8.0
8992.0,8992.0,35380.0,0.0121553,0.00134116,0.00126287,0.00125147,0.0420194,8.0
8992.0,8992.0,35440.0,0.00047503,0.00049988,0.00048115,0.00047267,0.00048464,8.0
200.0,200.0,1120.0,0.00521402,5.44e-05,5.11e-05,5.07e-05,0.0097694,8.0
100.0,100.0,540.0,0.0178702,9.65e-05,9.09e-05,8.28e-05,0.00980279,8.0
610.0,610.0,1917.0,0.0177038,0.000588401,0.00054693,0.000529901,0.000602671,8.0
610.0,610.0,703.0,0.00012033,9.93e-05,0.00010234,9.54e-05,9.72e-05,8.0
610.0,610.0,1008.0,0.000125061,0.00010164,9.73e-05,9.64e-05,9.66e-05,8.0
610.0,610.0,2264.0,0.00022007,0.000208161,0.0002055,0.00020475,0.0002113,8.0
3858.0,3858.0,11234.0,0.00437472,0.00404189,0.00407747,0.00394021,0.0039492,8.0
1257.0,1257.0,12260.0,0.00054551,0.00055041,0.00054443,0.00054062,0.0142957,8.0
1257.0,1257.0,12260.0,0.000702631,0.000688891,0.000688421,0.000688301,0.0120023,8.0
35976.0,1352.0,64204.0,1.66e-05,1.56e-05,1.63e-05,1.48e-05,1.58e-05,8.0
35976.0,1352.0,526200.0,1.6e-05,1.78e-05,1.6e-05,1.5e-05,1.53e-05,8.0
3858.0,3858.0,12051.0,0.00523106,0.00489935,0.00485455,0.00483718,0.00496839,8.0
7716.0,7716.0,13503.0,0.00221523,0.00207319,0.00206042,0.00204418,0.00204595,8.0
13332.0,13332.0,9204.0,0.0321233,0.00314777,0.00278697,0.00271933,0.0027638,8.0
6666.0,6666.0,1910.0,0.0329072,0.00369109,0.00332291,0.00325438,0.00335119,8.0
6666.0,6666.0,2219.0,0.00071063,0.00067658,0.00067372,0.00066897,0.000677461,8.0
2132.0,2132.0,14872.0,0.000878711,0.000446381,0.000404311,0.00036947,0.00037749,8.0
1066.0,1066.0,7254.0,0.00123303,0.000639091,0.000568102,0.00052483,0.0005394,8.0
7716.0,7716.0,22584.0,0.00476102,0.00260973,0.00256379,0.0025449,0.0221961,8.0
3858.0,3858.0,12505.0,0.0109435,0.00445713,0.00440922,0.0043851,0.0397518,8.0
3858.0,3858.0,4408.0,0.000620211,0.00051633,0.000506711,0.0005041,0.00050742,8.0
1490.0,1490.0,19025.0,0.00328413,0.0016285,0.00167608,0.00161545,0.0277656,8.0
745.0,745.0,8080.0,0.0209571,0.00408629,0.00305703,0.00299251,0.043546,8.0
745.0,745.0,1005.0,0.00055025,0.000272191,0.000272651,0.00027183,0.00027495,8.0
1418.0,1418.0,87.0,6.41e-05,5.72e-05,5.5e-05,5.29e-05,5.59e-05,8.0
345688.0,12347.0,1330000.0,0.000837871,4.31e-05,2.94e-05,2.42e-05,9.59e-05,8.0
172844.0,6174.0,496909.0,0.0011726,6.81e-05,4.78e-05,3.94e-05,0.00011715,8.0
56.0,56.0,56.0,2.39e-05,2.8e-05,2.11e-05,2.08e-05,2.43e-05,8.0
15690.0,15690.0,14936.0,0.00375109,0.0019353,0.00192653,0.00192178,0.00192754,8.0
15690.0,15690.0,17753.0,0.00468618,0.002284,0.00228095,0.00226995,0.0077861,8.0
6666.0,6666.0,1819.0,0.00052213,0.00049673,0.000501051,0.000492901,0.000492931,8.0
6666.0,6666.0,1819.0,0.000495851,0.00049602,0.00048628,0.00048555,0.0004862,8.0
7716.0,7716.0,12133.0,0.00208548,0.001859,0.00186794,0.00184577,0.00186004,8.0
3858.0,3858.0,10743.0,0.00386318,0.00356687,0.00358147,0.00354036,0.00356167,8.0
800.0,800.0,9334.0,0.0018011,0.00171739,0.00169553,0.0016727,0.00176743,8.0
400.0,400.0,4586.0,0.00296774,0.002758,0.00276004,0.00271,0.00279985,8.0
3858.0,3858.0,1651.0,0.00018858,0.00017391,0.00017226,0.00017107,0.00017258,8.0
3858.0,3858.0,1651.0,0.00022504,0.00022639,0.00022924,0.00022106,0.00022296,8.0
3858.0,3858.0,294.0,6.04e-05,4.54e-05,4.75e-05,4.48e-05,4.58e-05,8.0
108004.0,108004.0,506212.0,0.00777509,0.00770445,0.007702,0.00763937,0.0546388,8.0
1000.0,1000.0,19980.0,0.00944817,0.00125135,0.0012482,0.00124092,0.0284012,8.0
500.0,500.0,5076.0,0.0477677,0.00239202,0.0023678,0.00236272,0.0295301,8.0
500.0,500.0,5030.0,0.00249255,0.00111593,0.00110314,0.00109657,0.00110154,8.0
500.0,500.0,4844.0,0.00237329,0.00106135,0.00104944,0.00103946,0.00104957,8.0
3858.0,3858.0,1399.0,0.00019635,0.00018812,0.00018998,0.00018698,0.0001883,8.0
7716.0,7716.0,18406.0,0.00822461,0.00337943,0.00269113,0.00202562,0.0252468,8.0
3858.0,3858.0,12114.0,0.0110087,0.0057941,0.00512266,0.00446503,0.0276307,8.0
39.0,39.0,131.0,0.00341536,3.53e-05,7.57e-05,2.99e-05,5.26e-05,8.0
20.0,20.0,66.0,0.00381814,8.05e-05,0.000111981,6.67e-05,9.17e-05,8.0
7716.0,7716.0,15548.0,0.00370993,0.00254642,0.00254239,0.00252886,0.00252887,8.0
3858.0,3858.0,1733.0,0.00025417,0.000222141,0.00018822,0.000186,0.00018896,8.0
524288.0,524288.0,22000000.0,86.2976,54.3882,53.6322,53.4156,57.5341,8.0
524288.0,524288.0,22300000.0,19.2853,16.21,15.6911,15.5456,18.9804,8.0
524288.0,524288.0,22700000.0,56.5192,55.9445,56.2273,55.2468,98.8493,8.0
442.0,442.0,2906.0,0.00040395,0.000102031,8.82e-05,8.22e-05,9.97e-05,8.0
221.0,221.0,455.0,0.00054638,0.000147561,0.000128391,0.00012,0.00013823,8.0
221.0,221.0,1179.0,6e-05,4.63e-05,4.51e-05,4.42e-05,5.29e-05,8.0
7716.0,7716.0,25117.0,0.00206816,0.00196149,0.00190472,0.00188364,0.0120215,8.0
3858.0,3858.0,13257.0,0.00452554,0.00400605,0.00393351,0.00390423,0.0271481,8.0
3858.0,3858.0,5150.0,0.000649821,0.00063226,0.000631951,0.000630891,0.000637081,8.0
7716.0,7716.0,19862.0,0.00321475,0.00230179,0.00226432,0.00223993,0.0229964,8.0
3858.0,3858.0,12484.0,0.0146584,0.00496889,0.00495925,0.00486907,0.0256588,8.0
3858.0,3858.0,3273.0,0.000399601,0.000404581,0.00044342,0.00039617,0.000396361,8.0
13332.0,13332.0,6064.0,0.00730091,0.00169967,0.00168551,0.00166608,0.00166906,8.0
6666.0,6666.0,1302.0,0.00787821,0.00209555,0.00207318,0.00203859,0.00204657,8.0
11.0,11.0,29.0,0.00459543,4.85e-05,3.3e-05,2.39e-05,4.2e-05,8.0
6.0,6.0,11.0,0.00488354,8.33e-05,5.66e-05,4.67e-05,6.24e-05,8.0
6.0,6.0,2.0,3.17e-05,3.42e-05,2.14e-05,2.12e-05,2.24e-05,8.0
1220.0,1220.0,5892.0,0.000484021,0.00023904,0.00023148,0.00022084,0.00617408,8.0
610.0,610.0,1917.0,0.000775162,0.000377691,0.0003678,0.00034358,0.00629012,8.0
610.0,610.0,1008.0,0.00011079,0.00010024,9.91e-05,9.57e-05,0.00011545,8.0
16931.0,16931.0,60182.0,0.00057275,0.00055757,0.000559441,0.0004261,0.00349196,8.0
9129.0,9129.0,56175.0,0.00116953,0.000806611,0.000809001,0.000784211,0.00894708,8.0
4565.0,4565.0,27602.0,0.0119923,0.00192928,0.00193048,0.00166124,0.0295527,8.0
4565.0,4565.0,512.0,7.5e-05,8.45e-05,7.51e-05,4.27e-05,0.00015196,8.0
4565.0,4565.0,458.0,7.16e-05,8.25e-05,7.29e-05,4.21e-05,4.97e-05,8.0
907.0,907.0,2461.0,0.000318101,0.00030684,0.000302611,0.00030013,0.00030014,8.0
907.0,907.0,1339.0,0.0002237,0.00020987,0.00020942,0.00020865,0.00020977,8.0
18688.0,18688.0,44903.0,0.00102448,0.000793221,0.000737201,0.00072249,0.0039457,8.0
3858.0,3858.0,12485.0,0.00546628,0.00415511,0.0041185,0.0040818,0.0345385,8.0
3858.0,3858.0,950.0,0.000148,0.00014477,0.00014942,0.00014405,0.000161221,8.0
5308.0,5308.0,389.0,0.000460001,7.23e-05,6.43e-05,5.56e-05,0.000361691,8.0
2654.0,2654.0,36.0,0.000631861,0.00011178,9.68e-05,9.21e-05,0.000391871,8.0
2654.0,2654.0,154.0,4.37e-05,3.91e-05,3.97e-05,3.57e-05,3.64e-05,8.0
93.0,93.0,456.0,0.00919883,9.5e-05,8.04e-05,8.03e-05,8.59e-05,8.0
93.0,93.0,75.0,2.51e-05,2.47e-05,3.08e-05,2.27e-05,2.88e-05,8.0
3858.0,3858.0,11369.0,0.0126556,0.00420673,0.00419079,0.00417335,0.00418255,8.0
3858.0,3858.0,1365.0,0.00016118,0.00014785,0.00014745,0.000144561,0.00014663,8.0
3858.0,3858.0,1365.0,0.00019701,0.000192331,0.00019071,0.00018967,0.000191221,8.0
8843.0,8843.0,41601.0,0.00633738,0.00235716,0.00233562,0.00232552,0.019312,8.0
4422.0,4422.0,23854.0,0.0153487,0.00489419,0.00479227,0.00476595,0.0367664,8.0
4422.0,4422.0,8246.0,0.00112257,0.00056208,0.000569081,0.00055957,0.000566381,8.0
3858.0,3858.0,11345.0,0.0114436,0.00602868,0.00400224,0.00397492,0.00398151,8.0
3858.0,3858.0,1074.0,0.000130631,0.00012131,0.00012336,0.00011846,0.0001207,8.0
400.0,400.0,1958.0,0.00026795,0.00025917,0.00025217,0.000248641,0.00025855,8.0
349651.0,330751.0,992252.0,0.00019648,3.05e-05,2.37e-05,1.48e-05,2.37e-05,8.0
174826.0,165376.0,257468.0,0.00036691,5.6e-05,4.71e-05,3.25e-05,4.2e-05,8.0
120750.0,120750.0,1220000.0,0.00741031,0.0116503,0.0378536,0.00671047,0.0735424,8.0
45.0,45.0,846.0,0.0189534,0.000494691,0.00046751,0.00042648,0.00474909,8.0
3858.0,3858.0,4661.0,0.000556731,0.00054239,0.000533531,0.000530951,0.00054187,8.0
737.0,737.0,737.0,0.00103899,0.00010688,9.86e-05,9.79e-05,0.00011195,8.0
737.0,737.0,736.0,4.16e-05,3.58e-05,3.61e-05,3.56e-05,4.26e-05,8.0
317.0,317.0,7327.0,0.00048829,0.00032563,0.000299571,0.00029703,0.00772416,8.0
159.0,159.0,3341.0,0.00347804,0.000558661,0.000539731,0.00052128,0.00794629,8.0
159.0,159.0,2990.0,0.00022644,0.00021503,0.000224261,0.00021241,0.00021926,8.0
3858.0,3858.0,4749.0,0.000577451,0.00059852,0.00058244,0.000571421,0.00057654,8.0
7716.0,7716.0,16277.0,0.00977468,0.00264102,0.00268189,0.00262059,0.00262373,8.0
3858.0,3858.0,379.0,5.53e-05,5.93e-05,6.31e-05,5.22e-05,5.37e-05,8.0
14998.0,14998.0,114963.0,0.00118995,0.00103163,0.000959321,0.00070005,0.0035132,8.0
225777.0,225777.0,14145.0,0.00232733,0.00231488,0.00249477,0.00229473,0.00352343,8.0
225777.0,225777.0,1070000.0,0.0185498,0.0183233,0.0186969,0.01806,0.0854992,8.0
1530.0,1530.0,477.0,0.00010051,9.31e-05,9.15e-05,4.8e-05,6.87e-05,8.0
1530.0,1530.0,477.0,0.000101961,8.79e-05,8.73e-05,4.57e-05,0.00022704,8.0
7716.0,7716.0,20932.0,0.0257042,0.00329096,0.00311393,0.00246454,0.0132827,8.0
3858.0,3858.0,12518.0,0.0504889,0.00584023,0.00490352,0.00429022,0.0361526,8.0
2670.0,2670.0,3567.0,0.00028034,0.000304441,0.000180071,0.00016937,0.00020261,8.0
1284.0,1284.0,37628.0,0.00071092,0.000653351,0.000656941,0.000638211,0.00758383,8.0
1220.0,1220.0,5892.0,0.0143662,0.00738581,0.00046557,0.000423501,0.000506641,8.0
610.0,610.0,1917.0,0.0146874,0.0075483,0.0005965,0.000538861,0.000624432,8.0
29.0,29.0,54.0,3.41e-05,3.15e-05,3.23e-05,3.12e-05,3.23e-05,8.0
27.0,27.0,121.0,4.46e-05,3.95e-05,4.06e-05,3.89e-05,4.5e-05,8.0
33.0,33.0,135.0,0.0183029,0.0004309,4e-05,3.24e-05,3.93e-05,8.0
17.0,17.0,58.0,0.0213594,0.00047981,8.17e-05,7.04e-05,7.47e-05,8.0
12127.0,12127.0,48137.0,0.00169449,0.00133493,0.00126902,0.00126261,0.0153207,8.0
6064.0,6064.0,20167.0,0.00920349,0.00214722,0.00209314,0.00200147,0.0160998,8.0
6064.0,6064.0,3189.0,0.00044115,0.00035421,0.00035546,0.00035252,0.00035306,8.0
6064.0,6064.0,23254.0,0.00129174,0.00118223,0.00116801,0.00116261,0.0011753,8.0
5690.0,5690.0,35169.0,0.00346605,0.00292402,0.00287544,0.00263506,0.00419392,8.0
5308.0,5308.0,43841.0,0.00286591,0.000700481,0.00066086,0.000659191,0.0279192,8.0
2654.0,2654.0,4766.0,0.0087583,0.000985601,0.000940021,0.000937871,0.0282062,8.0
70437.0,70437.0,82305.0,0.0022597,0.00320924,0.00242604,0.00144375,0.0239962,8.0
1340.0,1340.0,856.0,0.00018726,9.91e-05,0.00010611,9.61e-05,9.74e-05,8.0
1340.0,1340.0,856.0,0.000130821,9.46e-05,9.39e-05,9.34e-05,9.5e-05,8.0
96676.0,96676.0,451780.0,0.00741932,0.00698007,0.00694927,0.00690945,0.0426251,8.0
7716.0,7716.0,14710.0,0.0233275,0.00258028,0.00237025,0.00236606,0.00240913,8.0
3858.0,3858.0,11399.0,0.0256211,0.00464652,0.00449703,0.00443147,0.00446473,8.0
3858.0,3858.0,1526.0,0.00018688,0.00018543,0.00018017,0.00016709,0.00017036,8.0
3858.0,3858.0,1526.0,0.00022412,0.00022051,0.00021505,0.00021083,0.00021536,8.0
31250.0,31250.0,91556.0,0.00115281,0.00101188,0.000810811,0.000769021,0.0119982,8.0
289.0,289.0,1889.0,0.00027557,7.7e-05,6.56e-05,5.87e-05,6.05e-05,8.0
145.0,145.0,779.0,0.00040696,0.00012058,0.00010838,9.77e-05,0.00010107,8.0
3003.0,3003.0,1917.0,0.000565151,0.00045255,0.00032173,0.00022424,0.00022886,8.0
3003.0,3003.0,1929.0,0.00053832,0.000439741,0.0002733,0.000267401,0.00034333,8.0
3003.0,3003.0,88642.0,0.00179974,0.00168066,0.00135357,0.00132252,0.0153958,8.0
822.0,822.0,4661.0,0.036893,0.000910191,0.000907061,0.000849781,0.000961271,8.0
411.0,411.0,1111.0,0.0405377,0.00106199,0.00105128,0.000996721,0.00110452,8.0
73.0,73.0,377.0,0.0156736,7.3e-05,0.00010819,5.41e-05,0.00681026,8.0
37.0,37.0,26.0,3.81e-05,3.47e-05,4.22e-05,3.42e-05,3.61e-05,8.0
105.0,105.0,696.0,0.00012359,0.00011935,0.00010868,0.00010594,0.0001067,8.0
99.0,99.0,609.0,0.000465522,0.00011111,9.87e-05,8.97e-05,0.000100321,8.0
99.0,99.0,87.0,3.23e-05,2.62e-05,2.52e-05,2.33e-05,2.48e-05,8.0
8000.0,8000.0,32000.0,0.000741361,0.000414051,0.00040135,0.00040091,0.00914472,8.0
76.0,76.0,304.0,0.000441481,5.67e-05,4.36e-05,4.15e-05,0.00327966,8.0
38.0,38.0,106.0,0.000933041,0.00010131,7.84e-05,7.67e-05,0.00335565,8.0
38.0,38.0,46.0,3.6e-05,3.36e-05,3.16e-05,3.13e-05,3.38e-05,8.0
3312.0,3312.0,20793.0,0.00461609,0.000570411,0.000561771,0.0005552,0.0143597,8.0
1656.0,1656.0,9590.0,0.0169464,0.00148865,0.00146606,0.00145899,0.0152724,8.0
1656.0,1656.0,1283.0,0.000155571,0.00015012,0.00015037,0.00014955,0.000160561,8.0
7716.0,7716.0,23882.0,0.00401363,0.00276148,0.00276663,0.0027339,0.017908,8.0
3858.0,3858.0,12757.0,0.00633349,0.004684,0.00469647,0.00463609,0.031519,8.0
3858.0,3858.0,4843.0,0.00065971,0.000562061,0.000563941,0.00055895,0.000637621,8.0
3858.0,3858.0,1439.0,0.00020604,0.000189851,0.00018917,0.00018757,0.00019095,8.0
85.0,85.0,523.0,0.00429684,5.27e-05,4.24e-05,3.9e-05,0.0038893,8.0
43.0,43.0,251.0,0.00532743,8.93e-05,7.37e-05,6.82e-05,0.00392768,8.0
3858.0,3858.0,1448.0,0.00015982,0.00015066,0.00015377,0.000148441,0.00015428,8.0
591.0,591.0,853.0,0.000285481,0.00021079,0.00022213,0.00015962,0.00029208,8.0
591.0,591.0,855.0,0.00028056,0.00019667,0.00021652,0.000114101,0.000283181,8.0
3858.0,3858.0,2291.0,0.000315541,0.00029483,0.00029245,0.000290231,0.0002946,8.0
171.0,92378.0,3330000.0,0.00017391,3.62e-05,2e-05,1.64e-05,1.83e-05,8.0
86.0,46189.0,958212.0,0.00027421,5.7e-05,3.79e-05,3.7e-05,3.95e-05,8.0
86.0,46189.0,704592.0,1.48e-05,1.34e-05,1.31e-05,1.3e-05,1.4e-05,8.0
907.0,907.0,1339.0,0.00023268,0.0002138,0.000212151,0.00021092,0.00021216,8.0
6847.0,6847.0,39093.0,0.0255594,0.00201523,0.00699395,0.00198292,0.0509169,8.0
6847.0,6847.0,38878.0,0.000993371,0.000952931,0.000773331,0.000686531,0.00752274,8.0
1634.0,1634.0,659.0,0.000147491,0.00012416,0.00012316,0.00012269,0.00013698,8.0
2163.0,2163.0,12504.0,0.00076122,0.000704111,0.00072324,0.000380461,0.00039798,8.0
2163.0,2163.0,21728.0,0.000836771,0.000881401,0.000841271,0.00038291,0.00757799,8.0
2163.0,2163.0,2163.0,0.00020506,0.00017624,0.00014543,0.00010256,0.000291581,8.0
25.0,25.0,19.0,5.1e-05,3.99e-05,6.96e-05,3.75e-05,4.16e-05,8.0
25.0,25.0,19.0,5.05e-05,3.69e-05,3.58e-05,3.57e-05,4.33e-05,8.0
25.0,25.0,64.0,4.48e-05,3.8e-05,3.99e-05,3.71e-05,4.27e-05,8.0
7533.0,7533.0,17041.0,0.0384635,0.00240723,0.00240445,0.00207159,0.0242292,8.0
7533.0,7533.0,1713.0,0.00023258,0.00014802,0.00011769,7.79e-05,8.06e-05,8.0
33880.0,33880.0,69458.0,0.00102183,0.000909241,0.000760611,0.000675791,0.00399412,8.0
33880.0,33880.0,69458.0,0.00107481,0.000914811,0.000791011,0.000787141,0.00085247,8.0
33880.0,33880.0,152646.0,0.00152987,0.00143514,0.00127771,0.00122405,0.00153867,8.0
3858.0,3858.0,1275.0,0.00016796,0.00013404,0.00014233,0.00013242,0.00013409,8.0
70674.0,70674.0,267543.0,0.00321869,0.00671638,0.00443748,0.00240796,0.0120635,8.0
42269.0,42269.0,2324.0,0.000926031,0.000435131,0.00034711,0.00033285,0.000336081,8.0
42269.0,42269.0,207550.0,0.00424328,0.00369585,0.00381303,0.00366648,0.0073356,8.0
41667.0,41667.0,60336.0,0.001085,0.00124302,0.00150122,0.000872721,0.0200768,8.0
41667.0,41667.0,60336.0,0.00150228,0.00154037,0.00141085,0.00126273,0.0239718,8.0
15690.0,15690.0,13005.0,0.00163242,0.00159353,0.00158757,0.00158158,0.0077905,8.0
15690.0,15690.0,13005.0,0.00182608,0.00167957,0.00168163,0.00167163,0.00168248,8.0
641.0,641.0,556.0,0.00017287,0.00010932,0.00012096,0.000108941,0.00058939,8.0
641.0,641.0,556.0,0.0001297,0.00014072,0.000118541,0.00010489,0.000257981,8.0
641.0,641.0,14729.0,0.000421151,0.00036021,0.00041399,0.00035032,0.00314294,8.0
3858.0,3858.0,2090.0,0.000319871,0.000313231,0.000298591,0.000297541,0.000305131,8.0
3858.0,3858.0,2090.0,0.00032002,0.00031659,0.0003135,0.00031227,0.00031411,8.0
14805.0,14805.0,158718.0,0.00286755,0.00197156,0.00193906,0.00191029,0.0160501,8.0
30269.0,30269.0,89858.0,0.0160735,0.00133857,0.00140989,0.00113875,0.0293242,8.0
15135.0,15135.0,44822.0,0.0329107,0.00250025,0.0024197,0.0021772,0.0454715,8.0
15135.0,15135.0,113.0,8.02e-05,5.48e-05,5.52e-05,4.6e-05,0.00018711,8.0
15135.0,15135.0,44810.0,0.00114145,0.000975291,0.000973981,0.000598621,0.0117639,8.0
159.0,159.0,504.0,0.00015023,0.000118371,0.00012567,0.00011556,0.00011592,8.0
1599.0,1599.0,21204.0,0.00644162,0.00179029,0.00174147,0.00173909,0.0175152,8.0
2163.0,2163.0,12504.0,0.000734221,0.000644341,0.000636851,0.000376811,0.00038135,8.0
2163.0,2163.0,21728.0,0.000865611,0.00074611,0.000725841,0.00039489,0.00761678,8.0
2163.0,2163.0,2163.0,0.00018594,0.000162111,0.00016626,0.00013556,0.00028709,8.0
12348.0,12348.0,12619.0,0.000435241,0.000448241,0.00043005,0.00042243,0.0239513,8.0
18305.0,18305.0,458.0,9.65e-05,7.49e-05,0.00013133,4.35e-05,0.00027468,8.0
18305.0,18305.0,113493.0,0.00162101,0.00127312,0.00132312,0.00100488,0.00344515,8.0
215.0,215.0,171.0,6.58e-05,6.26e-05,5.23e-05,4.47e-05,4.69e-05,8.0
215.0,215.0,641.0,9.99e-05,8.95e-05,8.26e-05,8e-05,8.54e-05,8.0
3858.0,3858.0,11981.0,0.0372397,0.00810793,0.00525129,0.00521953,0.00522887,8.0
3858.0,3858.0,609.0,7.41e-05,6.63e-05,9.49e-05,6.61e-05,7.27e-05,8.0
15690.0,15690.0,21559.0,0.00300619,0.00284122,0.00284973,0.00282844,0.00283678,8.0
115.0,115.0,96.0,5.37e-05,5.21e-05,3.96e-05,3.94e-05,5.85e-05,8.0
8032.0,8032.0,10485.0,0.00948768,0.00029053,0.00028643,0.00022997,0.000625071,8.0
4016.0,4016.0,6249.0,0.0106347,0.000535871,0.00054745,0.00045779,0.000885171,8.0
4016.0,4016.0,4236.0,0.00023254,0.00022572,0.000224611,0.00020132,0.00021948,8.0
215.0,215.0,177.0,4.44e-05,3.55e-05,3.47e-05,3.29e-05,3.37e-05,8.0
65.0,65.0,250.0,0.00023005,5.55e-05,4.05e-05,3.41e-05,3.56e-05,8.0
33.0,33.0,66.0,0.00035499,0.00010077,7.87e-05,6.45e-05,6.65e-05,8.0
33.0,33.0,62.0,3.26e-05,2.95e-05,3.44e-05,2.85e-05,3.54e-05,8.0
33.0,33.0,62.0,3.66e-05,2.87e-05,2.72e-05,2.69e-05,2.82e-05,8.0
33.0,33.0,60.0,3.68e-05,2.85e-05,3.39e-05,2.7e-05,3.48e-05,8.0
5903.0,5903.0,12145.0,0.00469925,0.00226989,0.00228199,0.00226392,0.00228367,8.0
15690.0,15690.0,21991.0,0.0051662,0.00331348,0.00330095,0.00329982,0.00800319,8.0
614023.0,614023.0,189590.0,0.00570768,0.00645803,0.00613925,0.00474298,0.0361107,8.0
718980.0,718980.0,31300000.0,0.469326,0.482278,0.456588,0.452072,0.520573,8.0
718980.0,718980.0,282627.0,0.0522014,0.00411787,0.00364379,0.00328024,0.0319183,8.0
718980.0,718980.0,31300000.0,0.630506,0.557205,0.552831,0.548202,0.904659,8.0
341723.0,341723.0,62836.0,0.00508324,0.00270318,0.00260084,0.00243053,0.00427307,8.0
457449.0,457449.0,47193.0,0.00072034,0.0010177,0.000715001,0.000689001,0.0199714,8.0
2600000.0,2600000.0,36200000.0,3.4764,3.54166,2.41171,2.24046,2.5739,8.0
1300000.0,1300000.0,24000000.0,6.25222,6.42346,5.19637,5.01058,5.49938,8.0
90672.0,90672.0,2950000.0,0.126063,0.131938,0.130021,0.12158,0.227334,8.0
8390000.0,8390000.0,40842.0,0.00311693,0.00325965,0.00294755,0.00294745,0.0179695,8.0
319401.0,319401.0,203886.0,0.00276665,0.00575797,0.00275994,0.00275238,0.0280518,8.0
107000000.0,107000000.0,115000000.0,1.17278,1.17359,1.17216,1.17156,1.69269,8.0
100911.0,100911.0,229455.0,0.00376138,0.00574502,0.00276242,0.00255038,0.032036,8.0
848208.0,848208.0,1800000.0,0.0557304,0.0555215,0.0555261,0.0554727,0.127782,8.0
220010.0,220010.0,220010.0,0.00248277,0.00233855,0.00223509,0.00222978,0.0119996,8.0
985641.0,985641.0,8915.0,0.00140359,0.00138413,0.00139096,0.00136442,0.00143862,8.0
2000000.0,2000000.0,52100000.0,3.55478,3.71581,3.72445,3.28822,3.47675,8.0
363357.0,363357.0,1923.0,0.00023717,0.00015088,0.00014839,0.0001463,0.00021461,8.0
196607.0,196607.0,301000000.0,152.491,103.077,94.1364,91.6697,99.1907,8.0
98304.0,98304.0,100000000.0,236.53,156.19,145.991,142.96,150.822,8.0
98304.0,98304.0,196604.0,0.0588735,0.0481904,0.0688348,0.0474394,0.0962073,8.0
329517.0,329517.0,37299.0,0.0023748,0.00120697,0.00123922,0.00104147,0.0119986,8.0
635216.0,635216.0,21904.0,0.000710091,0.00116191,0.00124005,0.000666121,0.000696021,8.0
635216.0,635216.0,21904.0,0.00054907,0.000914941,0.000902041,0.00046125,0.00050414,8.0
8000000.0,8000000.0,21400000.0,0.287082,0.303316,0.292035,0.284978,0.518187,8.0
1140000.0,1140000.0,114000000.0,15.4373,15.9699,13.1709,10.176,10.5239,8.0
569953.0,569953.0,35400000.0,16.8836,17.5563,14.7025,11.6397,12.0978,8.0
569953.0,569953.0,6500000.0,0.785969,0.896386,0.600929,0.592381,0.7135,8.0
801056.0,801056.0,205761.0,0.00134615,0.00180342,0.00139159,0.00121626,0.0192597,8.0
30675.0,30675.0,2630000.0,0.356009,0.36693,0.363999,0.351648,0.636665,8.0
6030000.0,6030000.0,16800000.0,0.213512,0.224503,0.223758,0.212073,0.406481,8.0
196608.0,196608.0,301000000.0,1094.14,719.642,678.556,677.943,723.609,8.0
122937.0,122937.0,11709.0,0.00069917,0.00071007,0.000520221,0.00049184,0.0163824,8.0
5770000.0,5770000.0,11100000.0,0.115524,0.127755,0.11904,0.112206,0.249173,8.0
4190000.0,4190000.0,18900000.0,0.237023,0.256312,0.246403,0.232238,0.41547,8.0
609787.0,609787.0,34877.0,0.00171961,0.000876411,0.00111203,0.000775161,0.00438672,8.0
1780000.0,1780000.0,3420000.0,0.164313,0.161894,0.161259,0.160775,0.364358,8.0
589446.0,589446.0,21800000.0,0.297921,0.272132,0.274367,0.271318,0.298606,8.0
64300000.0,64300000.0,8.0,7.5e-05,7.22e-05,6.52e-05,6.26e-05,0.000155871,8.0
735076.0,735076.0,469120.0,0.0072815,0.00752246,0.00729172,0.00704772,0.059986,8.0
262144.0,262144.0,21200000.0,8.43873,6.67478,6.16917,5.61669,5.78422,8.0
131072.0,131072.0,5110000.0,10.041,8.02325,7.4245,6.88871,7.16068,8.0
1770000.0,1770000.0,3280000.0,0.0458128,0.0459458,0.0458901,0.0456902,0.0852356,8.0
749012.0,749012.0,247082.0,0.00358402,0.00252238,0.00258807,0.00242656,0.0462961,8.0
1050000.0,1050000.0,4710000.0,0.0790108,0.0866194,0.074583,0.0719101,0.154031,8.0
3560000.0,3560000.0,8550000.0,0.116408,0.12399,0.114086,0.109365,0.236121,8.0
1190000.0,1190000.0,56732.0,0.000862211,0.00102966,0.00075288,0.000735001,0.0116709,8.0
1190000.0,1190000.0,56732.0,0.00101487,0.00109761,0.000877031,0.000790711,0.000968591,8.0
56541.0,56541.0,162568.0,0.00476548,0.0064729,0.00545478,0.00464507,0.0312178,8.0
461568.0,461568.0,172593.0,0.00249718,0.0034261,0.00274962,0.0024836,0.0199915,8.0
2100000.0,2100000.0,182000000.0,170.812,111.959,107.785,106.045,112.089,8.0
1050000.0,1050000.0,46000000.0,225.542,147.622,145.767,143.601,146.385,8.0
1050000.0,1050000.0,45500000.0,54.2593,58.1243,56.126,54.0211,55.804,8.0
2100000.0,2100000.0,30300000.0,0.639863,0.631178,0.620243,0.614021,1.05827,8.0
10600000.0,10600000.0,24100000.0,0.342404,0.345212,0.342679,0.341211,0.622516,8.0
217051.0,217051.0,4700000.0,0.143938,0.167342,0.157885,0.143749,0.240569,8.0
9160000.0,9160000.0,21100000.0,0.176732,0.183647,0.177907,0.176647,0.316225,8.0
469453.0,469453.0,6207.0,0.00061025,0.000647581,0.000628301,0.000472821,0.000629131,8.0
816402.0,816402.0,1790000.0,0.0720213,0.0715979,0.0713045,0.069908,0.171877,8.0
720648.0,720648.0,76535.0,0.00730442,0.00711386,0.00711849,0.00673272,0.0189645,8.0
77666.0,77666.0,4160000.0,0.759301,0.7623,0.75594,0.755286,1.42098,8.0
1630000.0,1630000.0,19800000.0,0.405187,0.394561,0.390265,0.368611,0.443192,8.0
817495.0,817495.0,11800000.0,0.63805,0.659563,0.66312,0.634557,0.771879,8.0
2350000.0,2350000.0,3331.0,0.00044676,0.000470731,0.00045137,0.000428651,0.000441641,8.0
2350000.0,2350000.0,3331.0,0.000399321,0.0004112,0.00039828,0.00037273,0.00040795,8.0
1460000.0,1460000.0,365138.0,0.00247373,0.00265896,0.00277899,0.00246169,0.0247824,8.0
262144.0,262144.0,10900000.0,19.8853,19.7919,19.7897,19.5917,34.9017,8.0
1900000.0,1900000.0,6420000.0,0.165458,0.169691,0.166056,0.160214,0.328582,8.0
80535.0,80535.0,30539.0,0.000959491,0.00112154,0.000946821,0.000924401,0.0159982,8.0
76039.0,76039.0,95721.0,0.00200375,0.00255686,0.00216475,0.00198682,0.0199599,8.0
1540000.0,1540000.0,116000000.0,29.9113,19.5499,18.6297,18.1537,20.2757,8.0
15690.0,15690.0,19504.0,0.00535496,0.00244019,0.0024309,0.00242103,0.00243895,8.0
15690.0,15690.0,19504.0,0.00535863,0.00278397,0.00273816,0.00272532,0.00274074,8.0
3858.0,3858.0,12446.0,0.0326791,0.00665615,0.00499447,0.00498562,0.0164695,8.0
3858.0,3858.0,3335.0,0.000961021,0.00039826,0.0004004,0.00039407,0.00066608,8.0
5308.0,5308.0,395.0,0.00573658,0.00022262,6.44e-05,5.82e-05,0.00741321,8.0
2654.0,2654.0,36.0,0.00608812,0.00029423,0.00012776,0.00011794,0.00746906,8.0
1299.0,1299.0,1320.0,0.000388741,0.00027259,0.00018996,0.000152991,0.00020355,8.0
1299.0,1299.0,36370.0,0.00075416,0.00129373,0.000520401,0.00049085,0.0195666,8.0
7716.0,7716.0,14064.0,0.0332576,0.00402291,0.00226763,0.00224428,0.00226071,8.0
3858.0,3858.0,11370.0,0.0353604,0.00602421,0.00424925,0.00422657,0.00424435,8.0
376320.0,117600.0,1880000.0,0.00019296,3.53e-05,2.03e-05,1.48e-05,2.54e-05,8.0
188160.0,58800.0,117350.0,0.0003668,6.32e-05,3.98e-05,3.34e-05,4.8e-05,8.0
188160.0,58800.0,823450.0,2.3e-05,1.73e-05,1.99e-05,1.53e-05,1.82e-05,8.0
188160.0,58800.0,823450.0,1.57e-05,2.1e-05,1.45e-05,1.44e-05,1.98e-05,8.0
188160.0,58800.0,117350.0,2.56e-05,1.56e-05,1.49e-05,1.37e-05,2.75e-05,8.0
7781.0,7781.0,53158.0,0.00279695,0.00270119,0.00265749,0.00262934,0.0240072,8.0
7781.0,7781.0,19865.0,0.00405629,0.00181268,0.00181407,0.00180324,0.00180906,8.0
430.0,430.0,1544.0,0.00802081,9.45e-05,8.15e-05,7.74e-05,0.00017141,8.0
215.0,215.0,555.0,0.0084074,0.00019926,0.00017335,0.00016657,0.00026727,8.0
215.0,215.0,171.0,5.8e-05,5.14e-05,5.14e-05,4.92e-05,5.07e-05,8.0
215.0,215.0,177.0,7.67e-05,6.72e-05,6.72e-05,6.33e-05,7.25e-05,8.0
7716.0,7716.0,13854.0,0.0024186,0.00219728,0.00224027,0.00216675,0.00217966,8.0
3858.0,3858.0,11377.0,0.00449916,0.00414197,0.00420477,0.00409962,0.00411148,8.0
4500.0,4500.0,1340000.0,0.186137,0.195148,0.210022,0.18137,0.278389,8.0
4500.0,4500.0,919424.0,0.154724,0.147984,0.141914,0.139415,0.224088,8.0
15690.0,15690.0,14158.0,0.00363457,0.00170541,0.00167297,0.00166775,0.00166821,8.0
15690.0,15690.0,14158.0,0.00350434,0.00179089,0.00178614,0.00178112,0.00178515,8.0
7716.0,7716.0,16302.0,0.0300548,0.00539503,0.00271148,0.0026805,0.00269108,8.0
3858.0,3858.0,11960.0,0.0324671,0.00766452,0.00496727,0.00494014,0.00494927,8.0
3858.0,3858.0,1981.0,0.00028111,0.00025925,0.00025562,0.000254731,0.000255401,8.0
7716.0,7716.0,20649.0,0.0190451,0.00257717,0.00300279,0.00238172,0.0217474,8.0
3858.0,3858.0,12466.0,0.0220662,0.00527237,0.00569399,0.00508732,0.0244111,8.0
3858.0,3858.0,12210.0,0.00911266,0.0045123,0.00447298,0.00444813,0.0218712,8.0
105.0,105.0,210.0,0.00042792,5.02e-05,3.86e-05,3.25e-05,0.00231376,8.0
53.0,53.0,106.0,0.000811071,8.82e-05,6.77e-05,6.23e-05,0.002344,8.0
10.0,10.0,60.0,0.000647851,7.52e-05,5.66e-05,5.16e-05,0.00043893,8.0
7716.0,7716.0,12632.0,0.00444385,0.001928,0.00193896,0.00191352,0.00194739,8.0
3858.0,3858.0,10970.0,0.00633392,0.00367089,0.00368643,0.00365104,0.00369248,8.0
1198.0,1198.0,11070.0,0.0143266,0.00213374,0.00212079,0.00212046,0.0433827,8.0
911.0,911.0,891.0,0.00023885,0.00022928,0.000123291,0.00010389,0.00022378,8.0
911.0,911.0,891.0,0.00026567,0.000277661,0.00011783,0.00010957,0.00023897,8.0
911.0,911.0,26162.0,0.000591831,0.00055237,0.00049467,0.00046077,0.000479071,8.0
77.0,77.0,98.0,5.92e-05,3.11e-05,2.87e-05,2.86e-05,3.85e-05,8.0
77.0,77.0,1410.0,0.00023981,0.00011989,0.00011204,0.00011074,0.00011925,8.0
11532.0,11532.0,44206.0,0.0118645,0.00712866,0.000924501,0.000900401,0.0167106,8.0
5766.0,5766.0,22137.0,0.0259329,0.00785494,0.00854992,0.00343656,0.0175588,8.0
2163.0,2163.0,12504.0,0.000716031,0.000721241,0.000405051,0.00038645,0.00799003,8.0
7716.0,7716.0,15279.0,0.0488924,0.00478087,0.00274249,0.00239673,0.00240161,8.0
3858.0,3858.0,11640.0,0.0510071,0.00684857,0.0047895,0.00443458,0.00444677,8.0
6666.0,6666.0,1566.0,0.00045878,0.00044032,0.000442981,0.00043746,0.000439431,8.0
6666.0,6666.0,1874.0,0.00053906,0.00053152,0.000527831,0.000526841,0.000527661,8.0
3858.0,3858.0,364.0,7.4e-05,6.79e-05,6.78e-05,6.71e-05,7.41e-05,8.0
4608.0,4608.0,18432.0,0.00057864,0.00042333,0.00040807,0.000396701,0.000420221,8.0
2304.0,2304.0,8704.0,0.00093943,0.000644801,0.000636201,0.000611402,0.000634121,8.0
2304.0,2304.0,512.0,6.1e-05,5.91e-05,6.23e-05,5.57e-05,5.79e-05,8.0
2304.0,2304.0,8704.0,0.00020934,0.0002167,0.0002088,0.00020774,0.00021095,8.0
5690.0,5690.0,3140.0,0.00031605,0.000307711,0.00030987,0.00030737,0.00031122,8.0
52058.0,25907.0,316308.0,1.41e-05,1.4e-05,1.35e-05,1.32e-05,1.98e-05,8.0
52058.0,25907.0,48091.0,1.51e-05,1.71e-05,1.45e-05,1.35e-05,1.85e-05,8.0
59.0,59.0,267.0,0.00017008,4.19e-05,3.17e-05,2.84e-05,2.84e-05,8.0
30.0,30.0,126.0,0.00029558,7.31e-05,6.09e-05,5.22e-05,5.37e-05,8.0
30.0,30.0,14.0,2.2e-05,2.1e-05,2.11e-05,2.04e-05,2.08e-05,8.0
30.0,30.0,113.0,2.43e-05,2.43e-05,2.81e-05,2.17e-05,2.19e-05,8.0
4753.0,4753.0,574.0,0.0001561,0.000196621,0.00015341,0.000153391,0.00016875,8.0
7716.0,7716.0,21907.0,0.0090158,0.00326356,0.00268653,0.0025235,0.021751,8.0
3858.0,3858.0,12651.0,0.0112622,0.00515512,0.00455961,0.00435658,0.0418781,8.0
6666.0,6666.0,1014.0,0.00028673,0.00026519,0.00027254,0.00026206,0.00026358,8.0
6666.0,6666.0,1266.0,0.00034274,0.00033254,0.00032538,0.00032453,0.00032467,8.0
256.0,256.0,2916.0,0.000778071,0.00033973,0.00032903,0.000318481,0.000332481,8.0
128.0,128.0,1080.0,0.00132926,0.00045921,0.000442501,0.000427421,0.000442861,8.0
128.0,128.0,382.0,7.81e-05,7.32e-05,7.51e-05,7.29e-05,7.98e-05,8.0
128.0,128.0,382.0,7.42e-05,7.2e-05,7.11e-05,7.02e-05,7.13e-05,8.0
1756.0,1756.0,17635.0,0.00034473,0.00031198,0.0003137,0.00030856,0.00403171,8.0
7716.0,7716.0,11639.0,0.0103511,0.00362167,0.00360181,0.00181438,0.00181894,8.0
3858.0,3858.0,492.0,9.03e-05,8.21e-05,8.2e-05,8.18e-05,8.2e-05,8.0
29.0,29.0,64.0,3.12e-05,3.08e-05,3.46e-05,2.95e-05,3.69e-05,8.0
430.0,430.0,1544.0,0.0343992,0.000290071,0.00016693,0.00015224,0.00021435,8.0
215.0,215.0,555.0,0.0349168,0.000403481,0.00026608,0.00023827,0.00029633,8.0
215.0,215.0,177.0,8.26e-05,6.52e-05,6.76e-05,5.75e-05,5.9e-05,8.0
7716.0,7716.0,13907.0,0.00246069,0.00220417,0.00219056,0.00216605,0.00218334,8.0
3858.0,3858.0,11332.0,0.00456187,0.0041873,0.00411775,0.00407994,0.004107,8.0
7716.0,7716.0,15968.0,0.00290803,0.0025605,0.002569,0.00247134,0.00248966,8.0
3858.0,3858.0,11572.0,0.00517703,0.00465373,0.00472487,0.00453507,0.00457004,8.0
3858.0,3858.0,1999.0,0.00026596,0.00025943,0.000251081,0.00025068,0.00025132,8.0
2281.0,2281.0,1713.0,0.000506,0.000369191,0.00022487,0.00019421,0.00025124,8.0
2281.0,2281.0,1725.0,0.000468251,0.00046777,0.00022709,0.000224421,0.00024133,8.0
2281.0,2281.0,66581.0,0.0013028,0.00116995,0.000962241,0.00089778,0.00349729,8.0
7716.0,7716.0,8982.0,0.0292553,0.00318452,0.00229597,0.00183024,0.00211534,8.0
3858.0,3858.0,5966.0,0.0344615,0.00566798,0.00371964,0.00325371,0.00351872,8.0
3858.0,3858.0,1352.0,0.000439181,0.00042613,0.00024935,0.00024806,0.000252591,8.0
481.0,481.0,2306.0,0.00011367,0.00010891,0.00011852,9.8e-05,0.00010262,8.0
7716.0,7716.0,20418.0,0.00251462,0.00229597,0.00229675,0.00229376,0.013035,8.0
15690.0,15690.0,16838.0,0.00434441,0.00196048,0.00194641,0.00194385,0.00195633,8.0
7716.0,7716.0,25303.0,0.0191909,0.00386777,0.00190709,0.00189169,0.0212831,8.0
3858.0,3858.0,13249.0,0.0238974,0.00589979,0.00391816,0.00391803,0.0375896,8.0
1437.0,1437.0,4925.0,0.00065218,0.000639121,0.00063946,0.000638601,0.000650731,8.0
1437.0,1437.0,4044.0,0.00039125,0.000369231,0.00037529,0.00036092,0.000369131,8.0
7716.0,7716.0,22267.0,0.0207932,0.00322868,0.00252638,0.00248757,0.0212549,8.0
3858.0,3858.0,12691.0,0.0248265,0.00563615,0.00439927,0.0042975,0.0380865,8.0
3858.0,3858.0,4191.0,0.00054293,0.000935951,0.000513461,0.00048419,0.0004977,8.0
3858.0,3858.0,248.0,5.21e-05,5.35e-05,4.65e-05,4.64e-05,4.89e-05,8.0
3792.0,3792.0,28872.0,0.00126872,0.000837931,0.000836421,0.000830371,0.00673765,8.0
1896.0,1896.0,1896.0,0.0245258,0.00101972,0.000987081,0.000909091,0.00680831,8.0
1896.0,1896.0,12306.0,0.00064814,0.00069649,0.000602481,0.000461161,0.0217231,8.0
15690.0,15690.0,16489.0,0.00439697,0.00194902,0.00194661,0.0019456,0.0019597,8.0
15690.0,15690.0,2980.0,0.00050404,0.00026844,0.00029786,0.00025896,0.00026845,8.0
7716.0,7716.0,20801.0,0.0327803,0.00307237,0.00294409,0.0024576,0.0163912,8.0
3858.0,3858.0,12472.0,0.0462882,0.00482939,0.00468903,0.00420614,0.0372332,8.0
3858.0,3858.0,3684.0,0.00045425,0.000434681,0.000446381,0.000434171,0.000443341,8.0
3858.0,3858.0,12118.0,0.0285814,0.00519972,0.00432849,0.00431039,0.0224632,8.0
635216.0,635216.0,4390000.0,0.0766054,0.0376193,0.0370197,0.0314823,0.0671132,8.0
15690.0,15690.0,21840.0,0.0056403,0.00276596,0.00276065,0.00275782,0.00777131,8.0
97.0,97.0,324.0,9.22e-05,9.23e-05,9.12e-05,8.65e-05,9.14e-05,8.0
7716.0,7716.0,16283.0,0.00310152,0.00276144,0.00274302,0.00268738,0.00268977,8.0
3858.0,3858.0,12090.0,0.00552363,0.00505096,0.00508221,0.00496653,0.00496653,8.0
3858.0,3858.0,1922.0,0.00022217,0.000203871,0.00020033,0.000199471,0.000203111,8.0
3858.0,3858.0,1922.0,0.00026011,0.00025506,0.000281371,0.0002524,0.00025662,8.0
1005.0,1005.0,8621.0,0.0294352,0.00103807,0.00103022,0.000961181,0.00103329,8.0
503.0,503.0,3783.0,0.0299559,0.00133801,0.00131068,0.00124385,0.00131745,8.0
503.0,503.0,548.0,0.0001371,0.00012707,0.00012963,0.00011476,0.0001246,8.0
500.0,500.0,2.0,2.19e-05,2.02e-05,2.11e-05,2e-05,2e-05,8.0
5308.0,5308.0,415.0,0.00019382,7.86e-05,6.63e-05,5.92e-05,6.12e-05,8.0
2654.0,2654.0,36.0,0.00032722,0.000116461,0.00010108,9.07e-05,9.2e-05,8.0
2654.0,2654.0,171.0,4.71e-05,4.08e-05,4.15e-05,3.74e-05,3.78e-05,8.0
9453.0,22939.0,21065.0,3.75e-05,1.3e-05,1.38e-05,1.28e-05,1.39e-05,8.0
3858.0,3858.0,5796.0,0.00317045,0.00288063,0.00284605,0.00282318,0.0028335,8.0
50682.0,50682.0,115080.0,0.00312574,0.00274351,0.00257149,0.00256904,0.0203025,8.0
118.0,118.0,476.0,0.0363922,0.00010625,0.00015532,6.47e-05,0.00011337,8.0
59.0,59.0,189.0,0.0369237,0.00016557,0.00020266,0.00010953,0.00019963,8.0
59.0,59.0,37.0,4.36e-05,4.88e-05,3.77e-05,3.57e-05,3.7e-05,8.0
7716.0,7716.0,20341.0,0.0495119,0.00310625,0.00243428,0.0023791,0.0179379,8.0
3858.0,3858.0,12535.0,0.0520971,0.0049515,0.00430978,0.00418462,0.0352549,8.0
