1228040.0,1228040.0,8580310.0,0.182319,0.177882,0.155393,0.178596,0.299799,16.0
614023.0,614023.0,4115620.0,0.222276,0.318302,0.209811,0.267634,0.473646,16.0
48785.0,48785.0,170897.0,0.0297705,0.0342722,0.0288816,0.0629455,0.117927,16.0
1493510.0,1493510.0,3753850.0,1291.01,1049.2,940.801,1047.0,1286.84,16.0
1493510.0,1493510.0,6433000.0,1775.23,1771.9,1771.22,1773.76,1993.27,16.0
1500.0,1500.0,200.0,0.00013288,0.00011923,9.618e-05,0.00010161,0.00010053,16.0
1500.0,1500.0,200.0,0.000128841,0.00011683,9.361e-05,9.688e-05,9.442e-05,16.0
1500.0,1500.0,5800.0,0.00044049,0.00028216,0.00022059,0.00023257,0.00023059,16.0
228313.0,228313.0,7932.0,0.00554498,0.00484304,0.00458562,0.00459999,0.022916,16.0
228313.0,228313.0,2801.0,0.00413666,0.00399392,0.00394568,0.00398408,0.0174574,16.0
4096.0,4096.0,250.0,0.00039692,0.00037875,0.00035817,0.00036243,0.000371141,16.0
9005.0,9005.0,21749.0,0.00297147,0.00236433,0.00228238,0.00231512,0.0680147,16.0
83.0,83.0,652.0,0.00015298,0.00015219,0.00014536,0.00014799,0.00014607,16.0
3858.0,3858.0,3305.0,0.00205491,0.00144282,0.00142322,0.00145191,0.0209876,16.0
3858.0,3858.0,1114.0,0.00108568,0.00102457,0.00101776,0.00102701,0.00145855,16.0
6968.0,6968.0,1966.0,0.0418256,0.00375785,0.00277687,0.00284681,0.0950348,16.0
6968.0,6968.0,29950.0,0.00097976,0.00045374,0.00042538,0.00046161,0.0004258,16.0
5308.0,5308.0,439.0,0.00661524,0.00016115,0.00015651,0.00164563,0.00418246,16.0
1418.0,1418.0,141.0,0.00838653,0.00035573,0.0003257,0.00034523,0.000334651,16.0
3858.0,3858.0,792.0,0.00176986,0.00116019,0.00113307,0.00116429,0.00515934,16.0
907.0,907.0,2461.0,0.00164892,0.00124779,0.00114613,0.00118973,0.00435552,16.0
1299.0,1299.0,37369.0,0.0455537,0.039493,0.0357512,0.0679267,0.0900541,16.0
1299.0,1299.0,36370.0,0.00170017,0.00100599,0.00099882,0.00316854,0.00099965,16.0
3858.0,3858.0,2767.0,0.00221198,0.00136904,0.00134584,0.00143363,0.0158773,16.0
782397.0,782397.0,428823.0,0.455035,0.481909,0.454996,0.827388,0.924251,16.0
3858.0,3858.0,827.0,0.00337419,0.0017149,0.00163033,0.00164199,0.00164716,16.0
3858.0,3858.0,827.0,0.00148002,0.000962851,0.00093869,0.000945531,0.000972731,16.0
1452.0,1452.0,9310.0,0.0021153,0.00144868,0.00136832,0.00136931,0.00528695,16.0
7716.0,7716.0,11711.0,0.00229131,0.00210764,0.00200148,0.0233112,0.0551601,16.0
3858.0,3858.0,10476.0,0.0321945,0.00356971,0.00341613,0.0513343,0.108915,16.0
3858.0,3858.0,51.0,0.00058753,0.00032257,0.00030319,0.00031606,0.00030402,16.0
248.0,248.0,8059.0,0.000964411,0.00095509,0.00095157,0.0251694,0.0560767,16.0
243.0,243.0,689.0,0.00022759,0.00021707,0.00021112,0.00021205,0.00021999,16.0
7716.0,7716.0,12223.0,0.0078525,0.00253699,0.00226188,0.022174,0.0867156,16.0
3858.0,3858.0,10775.0,0.0234391,0.00408057,0.00373077,0.0417128,0.142393,16.0
3858.0,3858.0,82.0,0.000740041,0.0003899,0.00036735,0.00038024,0.00038469,16.0
4598.0,4598.0,30590.0,0.0264971,0.00174934,0.00132584,0.0193151,0.0253741,16.0
2299.0,2299.0,2299.0,0.0475047,0.00307617,0.00229859,0.0202906,0.0436528,16.0
58.0,58.0,59.0,8.2e-05,6.528e-05,6.085e-05,7.148e-05,6.574e-05,16.0
936.0,936.0,6264.0,0.01015,0.00030354,0.0002855,0.000452851,0.0189755,16.0
468.0,468.0,3050.0,0.0179322,0.00045707,0.00044139,0.000711631,0.019237,16.0
468.0,468.0,79.0,8.308e-05,7.079e-05,6.745e-05,0.00013252,0.00012043,16.0
282240.0,188160.0,1519330.0,1.436e-05,2.134e-05,1.416e-05,2.202e-05,1.545e-05,16.0
3858.0,3858.0,10652.0,0.0288885,0.00352406,0.00348725,0.043742,0.0800479,16.0
2576.0,2576.0,10012.0,0.0006956,0.00044054,0.00043684,0.00045322,0.00044389,16.0
7716.0,7716.0,22802.0,0.011274,0.0223556,0.00990394,0.0511129,0.0864415,16.0
3858.0,3858.0,12509.0,0.0549406,0.0423913,0.0117384,0.0757685,0.183615,16.0
7716.0,7716.0,16378.0,0.0391802,0.00364695,0.00282679,0.0497511,0.0546379,16.0
3858.0,3858.0,11733.0,0.0678943,0.00530028,0.00454464,0.070243,0.106578,16.0
13332.0,13332.0,8050.0,0.0428757,0.00118748,0.00116294,0.00117506,0.0206493,16.0
6666.0,6666.0,1788.0,0.0516839,0.00193492,0.00189303,0.00190819,0.021371,16.0
1000.0,1000.0,4107.0,0.000681671,0.00131503,0.000592411,0.000593451,0.000594921,16.0
1000.0,1000.0,7314.0,0.0021115,0.00097873,0.00093632,0.00094078,0.00094231,16.0
1307.0,1307.0,242.0,0.00031963,0.00027946,0.00027287,0.00028714,0.00029265,16.0
3858.0,3858.0,98.0,0.00105578,0.00056447,0.000560351,0.00057964,0.000568911,16.0
3218.0,3218.0,2996.0,0.00312764,0.00181239,0.00179916,0.00180011,0.0018188,16.0
907.0,907.0,2429.0,0.00177043,0.0012487,0.00118908,0.00119245,0.0123225,16.0
3969.0,3969.0,31079.0,0.0155591,0.00203429,0.00193943,0.010049,0.0537939,16.0
1985.0,1985.0,1985.0,0.0462802,0.00313975,0.0026372,0.0212586,0.0795999,16.0
1985.0,1985.0,13220.0,0.00046246,0.000309961,0.00024672,0.00027015,0.00027774,16.0
1985.0,1985.0,2654.0,0.00141671,0.00108995,0.00105875,0.0011044,0.0278494,16.0
190845.0,190845.0,1923850.0,0.230823,0.244251,0.226943,0.375971,0.551541,16.0
10566.0,10566.0,66345.0,0.00209441,0.000992851,0.00097839,0.00104519,0.00104315,16.0
5903.0,5903.0,12090.0,0.00686915,0.00470483,0.00455462,0.0144973,0.0439619,16.0
4885.0,4885.0,6012.0,0.00498398,0.00335438,0.0031907,0.0120912,0.0191198,16.0
3858.0,3858.0,1361.0,0.00225029,0.00169874,0.00159324,0.00903833,0.0241868,16.0
7716.0,7716.0,12055.0,0.0683787,0.00475889,0.00384642,0.0267788,0.0588265,16.0
3858.0,3858.0,10682.0,0.0867294,0.00671262,0.00545003,0.0506454,0.122734,16.0
3858.0,3858.0,657.0,0.00449832,0.00225325,0.00218721,0.0021974,0.00219841,16.0
3858.0,3858.0,59.0,0.00060696,0.00038531,0.000332991,0.000353651,0.00038369,16.0
106727.0,106727.0,5901180.0,0.2362,0.2307,0.210148,0.339759,0.415967,16.0
18.0,18.0,22.0,2.913e-05,2.688e-05,2.642e-05,2.645e-05,3.758e-05,16.0
1418.0,1418.0,81.0,7.08e-05,6.903e-05,5.281e-05,5.8861e-05,6.496e-05,16.0
3858.0,3858.0,1774.0,0.00212922,0.00131608,0.00123837,0.00131122,0.00887431,16.0
3858.0,3858.0,1774.0,0.00187959,0.00124715,0.00120573,0.00122823,0.00310535,16.0
23386.0,23386.0,3429.0,0.00503057,0.00510434,0.00494828,0.00521743,0.0263907,16.0
2048.0,2048.0,5632.0,0.00065807,0.000426201,0.00039535,0.00040365,0.00043932,16.0
1024.0,1024.0,2688.0,0.00108958,0.000641051,0.00059623,0.00061712,0.0006419,16.0
1024.0,1024.0,2688.0,0.00027236,0.00017973,0.00017933,0.000183821,0.0001799,16.0
3858.0,3858.0,2411.0,0.00145156,0.00204412,0.00132367,0.00139703,0.0157826,16.0
3858.0,3858.0,2411.0,0.00181527,0.00170377,0.00129098,0.00131184,0.0049903,16.0
24419.0,24419.0,7566.0,0.00355317,0.00324965,0.00320264,0.00321971,0.00354028,16.0
24419.0,24419.0,109614.0,0.00360588,0.00370003,0.00352351,0.00372023,0.0329112,16.0
3858.0,3858.0,3752.0,0.00158849,0.00149362,0.00143569,0.00146768,0.0240575,16.0
1080.0,1080.0,23094.0,0.00874035,0.00072258,0.00069062,0.00805918,0.0465148,16.0
540.0,540.0,10597.0,0.0356021,0.00129731,0.00124886,0.00861788,0.0740255,16.0
540.0,540.0,10557.0,0.000514121,0.00047742,0.000472241,0.00047716,0.00047913,16.0
4518.0,4518.0,55756.0,0.00229334,0.00175651,0.00169895,0.00425669,0.0638507,16.0
4518.0,4518.0,4166.0,0.00177088,0.00149052,0.00148755,0.00151613,0.048034,16.0
3858.0,3858.0,2105.0,0.0022027,0.00129369,0.00126119,0.00137258,0.0129887,16.0
3858.0,3858.0,3920.0,0.00225292,0.00156297,0.00151648,0.00152591,0.0119057,16.0
1600.0,1600.0,80.0,0.00015359,0.00013234,0.00012566,0.00014817,0.00014028,16.0
1600.0,1600.0,9360.0,0.000617,0.00046155,0.00039341,0.00045324,0.00042449,16.0
5822.0,5822.0,14750.0,0.00136895,0.00116259,0.00107771,0.00107987,0.0242388,16.0
2911.0,2911.0,7368.0,0.0372285,0.00350902,0.00224577,0.00228086,0.0254049,16.0
112.0,112.0,270.0,0.000772,0.00012594,0.00011358,0.00011974,0.00011363,16.0
2654.0,2654.0,185.0,7.441e-05,6.25e-05,6.023e-05,6.6711e-05,6.073e-05,16.0
12497.0,12497.0,27493.0,0.00103399,0.00103715,0.000557761,0.0005771,0.00055889,16.0
3858.0,3858.0,3983.0,0.002618,0.00151957,0.00147839,0.00148235,0.0479885,16.0
63612.0,63612.0,56700.0,0.0289495,0.028029,0.0236671,0.0388509,0.0743463,16.0
3858.0,3858.0,1327.0,0.0040213,0.00102716,0.00101547,0.00111749,0.00375948,16.0
8279.0,8279.0,9829.0,0.00316228,0.00202091,0.00188063,0.00197699,0.00203381,16.0
8279.0,8279.0,69795.0,0.00287822,0.00212947,0.00207377,0.00211219,0.0293868,16.0
8641.0,8641.0,10733.0,0.00202736,0.00203551,0.00199535,0.0020908,0.0520422,16.0
332.0,332.0,178.0,0.00018637,9.763e-05,9.545e-05,0.00010772,9.974e-05,16.0
48.0,48.0,400.0,0.00917634,9.165e-05,7.262e-05,0.00036698,0.00016209,16.0
24.0,24.0,156.0,0.00958154,0.00015294,0.00012552,0.00041592,0.0002102,16.0
511.0,511.0,2796.0,0.00701395,0.00219925,0.000179471,0.00101978,0.00028179,16.0
256.0,256.0,1202.0,0.00911662,0.00512057,0.000400021,0.00118589,0.00044717,16.0
3858.0,3858.0,5193.0,0.00264497,0.00183833,0.00182524,0.00906589,0.0227833,16.0
43808.0,33660.0,4346010.0,1.449e-05,2.102e-05,1.265e-05,1.827e-05,1.417e-05,16.0
3858.0,3858.0,1978.0,0.00357016,0.00122502,0.00118496,0.00119157,0.00118511,16.0
3866910.0,3866910.0,8088720.0,0.648167,0.432239,0.421044,0.599751,0.652973,16.0
3866910.0,3866910.0,391736.0,0.282848,0.161812,0.156378,0.235098,0.348002,16.0
105.0,105.0,149.0,0.00026403,5.492e-05,4.167e-05,4.252e-05,4.716e-05,16.0
3858.0,3858.0,840.0,0.00169539,0.0010216,0.000995411,0.000998281,0.000996721,16.0
3858.0,3858.0,97.0,0.00108519,0.00058752,0.00056171,0.00058656,0.00058579,16.0
2654.0,2654.0,442.0,0.00011898,0.00013733,0.000116031,0.00012634,0.00011723,16.0
24.0,24.0,118.0,9.476e-05,8.278e-05,7.124e-05,8.792e-05,7.646e-05,16.0
610.0,610.0,703.0,0.00039701,0.00012162,0.00010368,0.00011119,0.00011693,16.0
8388610.0,8388610.0,50331600.0,0.716559,1.23346,0.716111,0.789793,0.960417,16.0
4194300.0,4194300.0,18869200.0,0.71378,0.783805,0.707178,1.17139,1.39187,16.0
929901.0,303645.0,4020730.0,0.00022173,3.811e-05,2.213e-05,2.431e-05,2.774e-05,16.0
464951.0,151823.0,1290350.0,0.00033736,6.436e-05,4.258e-05,4.551e-05,4.352e-05,16.0
215.0,215.0,177.0,6.366e-05,5.283e-05,4.927e-05,5.022e-05,5.338e-05,16.0
215.0,215.0,641.0,6.471e-05,5.723e-05,5.543e-05,5.692e-05,5.764e-05,16.0
907.0,907.0,5111.0,0.00277213,0.00200477,0.00179534,0.00998703,0.0191864,16.0
341723.0,341723.0,62836.0,0.233609,0.0460681,0.0348594,0.0661386,0.138193,16.0
341723.0,341723.0,218524.0,0.115238,0.0970627,0.0951097,0.1429,0.179963,16.0
69676600.0,69676600.0,74152600.0,3.91963,3.7795,3.38155,5.03998,5.97603,16.0
188501.0,188501.0,31569.0,0.102888,0.0922523,0.087226,0.128024,0.21499,16.0
75963.0,75963.0,216398.0,0.0407468,0.0438728,0.0402952,0.0856654,0.150487,16.0
319401.0,319401.0,203886.0,0.111189,0.120057,0.100603,0.142765,0.217605,16.0
732569.0,732569.0,129636.0,0.0961842,0.110634,0.0810849,0.127868,0.233453,16.0
732569.0,732569.0,129636.0,0.114921,0.121141,0.113599,0.179893,0.26399,16.0
1653.0,1653.0,2421.0,0.00112777,0.000958861,0.00050142,0.00058857,0.00054929,16.0
1653.0,1653.0,2421.0,0.00110674,0.00089735,0.00051115,0.00054003,0.000543811,16.0
15690.0,15690.0,12475.0,0.0103528,0.00953065,0.00930795,0.0203891,0.0442624,16.0
524288.0,524288.0,1048580.0,0.0234409,0.023671,0.0204335,0.0475132,0.107883,16.0
4957.0,4957.0,1713.0,0.00135292,0.0010716,0.00060665,0.00067276,0.00087839,16.0
4957.0,4957.0,19426.0,0.00145948,0.00121817,0.000783051,0.0157979,0.0426236,16.0
5895.0,5895.0,45887.0,0.002395,0.0017195,0.0016685,0.00174238,0.0185676,16.0
27738.0,27738.0,83587.0,0.0057812,0.0122288,0.00560294,0.0200274,0.0259166,16.0
380.0,380.0,1080.0,0.00018071,0.000141351,0.00012673,0.00013255,0.00012698,16.0
3681.0,75319.0,138277.0,2.14e-05,3.033e-05,1.355e-05,1.543e-05,1.503e-05,16.0
3681.0,75319.0,225103.0,1.571e-05,4.228e-05,1.465e-05,2.583e-05,1.682e-05,16.0
3681.0,75319.0,258396.0,1.395e-05,1.676e-05,1.286e-05,1.904e-05,1.718e-05,16.0
156.0,156.0,23.0,6.03e-05,5.53e-05,5.206e-05,5.242e-05,5.437e-05,16.0
3858.0,3858.0,680.0,0.00535208,0.00223632,0.00221289,0.00221829,0.00223065,16.0
11974.0,11974.0,11974.0,0.0614844,0.0628346,0.0529984,0.109959,0.109423,16.0
11974.0,11974.0,87698.0,0.00313518,0.00223603,0.00215957,0.00236051,0.00235879,16.0
86.0,86.0,248.0,0.0121598,0.00037369,6.094e-05,0.00357136,0.00126358,16.0
43.0,43.0,82.0,0.0140042,0.00395309,0.00054165,0.00554815,0.00133937,16.0
43.0,43.0,46.0,0.0001057,5.748e-05,5.488e-05,5.591e-05,6.179e-05,16.0
3858.0,3858.0,1684.0,0.00199579,0.00109291,0.00106683,0.00108801,0.00797137,16.0
3858.0,3858.0,1684.0,0.0018656,0.00125539,0.00116845,0.00123622,0.0128665,16.0
439.0,439.0,78.0,0.00013872,0.00012607,7.006e-05,7.707e-05,7.221e-05,16.0
2163.0,2163.0,2163.0,0.00107732,0.00093467,0.00092377,0.0113826,0.0420473,16.0
7716.0,7716.0,11922.0,0.0358909,0.00564833,0.00385585,0.0232402,0.0494567,16.0
3858.0,3858.0,10596.0,0.06738,0.00745538,0.00538199,0.0469204,0.0876434,16.0
7716.0,7716.0,16619.0,0.0274174,0.0142877,0.00629563,0.0386348,0.0836374,16.0
50098.0,50098.0,19626.0,0.0111832,0.00935168,0.00927896,0.00945337,0.0177014,16.0
12.0,12.0,14.0,5.286e-05,4.141e-05,3.997e-05,4.379e-05,4.169e-05,16.0
12.0,12.0,22.0,5.379e-05,3.8051e-05,3.716e-05,4.078e-05,4.71e-05,16.0
440020.0,440020.0,5560100.0,0.103961,0.142851,0.103485,0.123401,0.2002,16.0
220010.0,220010.0,620010.0,0.126415,0.19348,0.126027,0.182253,0.307961,16.0
410439.0,410439.0,213124.0,0.0242241,0.0238326,0.0236656,0.0279631,0.070567,16.0
98304.0,98304.0,100213000.0,135.825,142.082,135.41,169.209,195.074,16.0
907.0,907.0,1339.0,0.00162467,0.00158708,0.00127346,0.00129508,0.00268427,16.0
907.0,907.0,5111.0,0.00232111,0.00206992,0.00184622,0.00184907,0.0200472,16.0
3528.0,3528.0,17387.0,0.00300686,0.00225718,0.00222692,0.0037569,0.0126014,16.0
24.0,24.0,100.0,0.0142141,0.0001559,8.782e-05,8.983e-05,8.845e-05,16.0
131.0,131.0,536.0,0.0126188,8.929e-05,7.064e-05,9.165e-05,0.00315831,16.0
66.0,66.0,219.0,0.012855,0.00014513,0.00011707,0.00077493,0.0034695,16.0
66.0,66.0,46.0,4.714e-05,4.026e-05,3.895e-05,3.982e-05,4.214e-05,16.0
11706.0,11706.0,107726.0,0.00351132,0.00195255,0.00181277,0.0018628,0.0025298,16.0
2169.0,2169.0,15145.0,0.00097754,0.00074618,0.00072009,0.00479197,0.0196955,16.0
1085.0,1085.0,1085.0,0.0102446,0.00175287,0.0017093,0.00578003,0.0206822,16.0
1085.0,1085.0,6305.0,0.00018158,0.00015179,0.000151451,0.00015192,0.0001641,16.0
1454.0,1454.0,5300.0,0.00068429,0.000461791,0.00044718,0.000450111,0.00044893,16.0
727.0,727.0,150.0,9.689e-05,0.00010536,9.331e-05,9.99e-05,9.337e-05,16.0
3858.0,3858.0,3335.0,0.00198112,0.0015081,0.00148169,0.00154635,0.00246364,16.0
3858.0,3858.0,863.0,0.00193083,0.00119612,0.00115547,0.00116488,0.0119615,16.0
2654.0,2654.0,188.0,0.00017436,0.00013017,0.00012368,0.00012859,0.0001241,16.0
2654.0,2654.0,15.0,0.000144861,0.00013248,0.00012239,0.0001239,0.00013062,16.0
3858.0,3858.0,1161.0,0.00299095,0.00186005,0.00177233,0.0022355,0.00532063,16.0
3858.0,3858.0,1981.0,0.00207537,0.00120514,0.00115617,0.00116169,0.00468491,16.0
3858.0,3858.0,3621.0,0.00215048,0.00150388,0.00142335,0.00145683,0.0440619,16.0
3858.0,3858.0,941.0,0.00183318,0.00119405,0.00118042,0.00122549,0.00118619,16.0
3858.0,3858.0,706.0,0.00156389,0.00101869,0.00101715,0.0011124,0.00876079,16.0
10.0,10.0,19.0,4.503e-05,4.119e-05,3.18e-05,3.705e-05,4.054e-05,16.0
1198.0,1198.0,1927.0,0.00186255,0.000813031,0.00080178,0.00080905,0.000814951,16.0
1198.0,1198.0,2395.0,0.00053061,0.00023247,0.00023218,0.00024387,0.00024019,16.0
911.0,911.0,891.0,0.00083314,0.00067085,0.00041086,0.00044277,0.00046592,16.0
911.0,911.0,891.0,0.000697,0.00059286,0.00031426,0.000318771,0.00035116,16.0
911.0,911.0,26162.0,0.00109398,0.000997261,0.000627891,0.0006471,0.0391959,16.0
5469.0,5469.0,64949.0,0.0490014,0.0310107,0.0293928,0.0454109,0.160382,16.0
5469.0,5469.0,62527.0,0.00377898,0.00297189,0.00278358,0.00281003,0.0200239,16.0
5766.0,5766.0,116.0,0.00061015,0.00038599,0.00034157,0.00034622,0.000343701,16.0
5766.0,5766.0,58.0,0.000592871,0.00032841,0.0003082,0.00031257,0.00031904,16.0
2163.0,2163.0,21728.0,0.00116048,0.000925891,0.0009217,0.00092757,0.00106495,16.0
3858.0,3858.0,299.0,0.00189197,0.00106499,0.00105321,0.00105862,0.00114632,16.0
7716.0,7716.0,10695.0,0.0362185,0.00252773,0.00220523,0.0197327,0.0715479,16.0
3858.0,3858.0,9943.0,0.0644105,0.00436832,0.00378096,0.0403452,0.128127,16.0
3858.0,3858.0,364.0,0.00370846,0.00190237,0.00186777,0.00217325,0.00212782,16.0
3858.0,3858.0,24.0,0.000351971,0.0001644,0.00016352,0.00018985,0.00019082,16.0
100.0,100.0,1231.0,0.00014168,0.00011017,0.00010899,0.00010996,0.00011188,16.0
52058.0,25907.0,321993.0,3.121e-05,1.883e-05,1.387e-05,1.503e-05,1.476e-05,16.0
30.0,30.0,14.0,3.849e-05,3.354e-05,3.043e-05,3.286e-05,3.237e-05,16.0
9506.0,9506.0,629620.0,0.00566102,0.0113542,0.00542923,0.030631,0.0995148,16.0
256.0,256.0,2916.0,0.0130663,0.00108026,0.00107493,0.00117924,0.00157998,16.0
58.0,58.0,174.0,0.0337873,9.043e-05,7.069e-05,8.921e-05,8.785e-05,16.0
29.0,29.0,64.0,0.0339761,0.0001825,0.00012652,0.00044399,0.0001418,16.0
29.0,29.0,23.0,5.997e-05,5.128e-05,4.942e-05,5.197e-05,5.479e-05,16.0
430.0,430.0,1544.0,0.000650241,0.00012906,0.00012039,0.00226758,0.0018406,16.0
839.0,839.0,22715.0,0.0088638,0.00070158,0.00064631,0.0237388,0.026128,16.0
420.0,420.0,10824.0,0.0338765,0.00146574,0.00140185,0.0242375,0.0561621,16.0
24576.0,24576.0,11102900.0,3.04082,3.3178,2.96136,4.12569,4.19255,16.0
24576.0,24576.0,11102900.0,4.37645,4.29225,4.0807,5.1715,6.41954,16.0
2281.0,2281.0,66581.0,0.00288179,0.00176942,0.00172975,0.00176114,0.0460462,16.0
3858.0,3858.0,312.0,0.00356644,0.00116821,0.00116377,0.00117991,0.00119731,16.0
961.0,961.0,4681.0,0.0206436,0.00052154,0.00047232,0.000504251,0.00047925,16.0
3858.0,3858.0,916.0,0.00189016,0.00120945,0.00119827,0.00120845,0.00130639,16.0
2873.0,2873.0,27191.0,0.0226359,0.00131747,0.0012813,0.00289301,0.0553716,16.0
1437.0,1437.0,13297.0,0.0311164,0.00199769,0.00194378,0.0035536,0.0805934,16.0
3858.0,3858.0,1493.0,0.00183875,0.000992421,0.000926381,0.0009358,0.00454802,16.0
3792.0,3792.0,28872.0,0.0360018,0.00153631,0.0014103,0.00146335,0.059215,16.0
3858.0,3858.0,3684.0,0.00226506,0.0015478,0.00147981,0.00148487,0.00152371,16.0
3858.0,3858.0,2730.0,0.00204796,0.00137776,0.00130754,0.00143008,0.02079,16.0
3858.0,3858.0,603.0,0.00206277,0.00129629,0.00126609,0.00134876,0.0108735,16.0
10000.0,10000.0,257205.0,0.0101673,0.0125379,0.00999774,0.0182673,0.0679324,16.0
635216.0,635216.0,21904.0,0.0611249,0.0726552,0.0609653,0.0927045,0.171724,16.0
97.0,97.0,324.0,0.00014845,0.00012133,0.00011732,0.00011754,0.0001232,16.0
1224.0,1224.0,9613.0,0.00084291,0.000851081,0.000771891,0.0008264,0.00081842,16.0
612.0,612.0,4459.0,0.00137147,0.00118341,0.00108626,0.001154,0.0011498,16.0
503.0,503.0,3742.0,0.00039984,0.00037262,0.00035105,0.00036372,0.0003674,16.0
2654.0,2654.0,193.0,7.473e-05,6.23e-05,6.124e-05,6.841e-05,6.406e-05,16.0
3858.0,3858.0,1343.0,0.00098551,0.00091833,0.000909411,0.00092545,0.0009355,16.0
12813.0,12813.0,5767900.0,0.0142114,0.0170698,0.0114686,0.0197891,0.0222978,16.0
50682.0,50682.0,115080.0,0.0304562,0.0275665,0.0211413,0.02184,0.0641377,16.0
3858.0,3858.0,3455.0,0.00250783,0.00144456,0.00143456,0.00144251,0.00218281,16.0
31293.0,31293.0,49775.0,0.00661202,0.00634473,0.0061975,0.00626418,0.0326376,16.0
3858.0,3858.0,4864.0,0.00253284,0.00179689,0.00176861,0.00806512,0.0201273,16.0
3858.0,3858.0,1433.0,0.0030333,0.00196613,0.00193595,0.0133307,0.00943047,16.0
6847.0,6847.0,38878.0,0.00262614,0.00240154,0.00231392,0.00523695,0.0204424,16.0
22499.0,22499.0,87716.0,0.00547198,0.00453391,0.00417386,0.00432011,0.0310514,16.0
11250.0,11250.0,29952.0,0.0305662,0.00783136,0.00748448,0.00752535,0.0452798,16.0
496.0,496.0,182.0,0.00012223,0.0001266,0.00011303,0.00011305,0.00012828,16.0
496.0,496.0,182.0,0.00011377,0.00011628,0.0001079,0.00010945,0.00010891,16.0
3858.0,3858.0,2996.0,0.00191784,0.00184537,0.00184411,0.00192867,0.00807696,16.0
968.0,968.0,5632.0,0.0323396,0.00610624,0.000416971,0.00085875,0.00043278,16.0
484.0,484.0,44.0,0.00010158,0.00013993,8.936e-05,9.09e-05,8.98e-05,16.0
33858100.0,33858100.0,36570100.0,1.87263,1.90221,1.83126,2.75504,3.08653,16.0
3858.0,3858.0,659.0,0.00521047,0.00224994,0.00220882,0.00243088,0.00248983,16.0
3858.0,3858.0,659.0,0.00357445,0.00154057,0.00151578,0.00168461,0.00169927,16.0
3858.0,3858.0,62.0,0.00070675,0.000349281,0.00034926,0.00040665,0.0003746,16.0
7716.0,7716.0,13706.0,0.0436504,0.00269158,0.00197455,0.0274274,0.0306128,16.0
3858.0,3858.0,9307.0,0.0693993,0.00451076,0.00332925,0.0287283,0.0996989,16.0
3858.0,3858.0,1911.0,0.00267831,0.00134166,0.00122189,0.00123758,0.00145496,16.0
907.0,907.0,5099.0,0.00322937,0.00192798,0.00184532,0.00196785,0.00377259,16.0
3858.0,3858.0,3131.0,0.00216737,0.00147816,0.00145657,0.00149887,0.0280929,16.0
680.0,680.0,2646.0,0.0181649,0.00034715,0.000319111,0.00881896,0.00112786,16.0
340.0,340.0,1806.0,0.0186384,0.00057656,0.000507581,0.00900251,0.00131374,16.0
3858.0,3858.0,4807.0,0.00257965,0.00205723,0.00202926,0.00487633,0.0440817,16.0
3858.0,3858.0,4807.0,0.00236202,0.00207221,0.00204424,0.010473,0.0599982,16.0
262144.0,262144.0,5684.0,0.0522075,0.166757,0.0359844,0.0467231,0.0892893,16.0
262144.0,262144.0,5684.0,0.0555291,0.0941224,0.0447748,0.0634288,0.112043,16.0
20403.0,20403.0,101605.0,0.00278059,0.00159099,0.00159041,0.00159593,0.0291401,16.0
3858.0,3858.0,4823.0,0.00285754,0.00170004,0.00167431,0.0053831,0.0280132,16.0
12348.0,12348.0,12619.0,0.00653188,0.00562406,0.00537791,0.0115988,0.0640105,16.0
6841.0,6841.0,335718.0,0.00992223,0.0102062,0.00978197,0.010384,0.0553909,16.0
3858.0,3858.0,4167.0,0.00179893,0.00176424,0.0016167,0.00174728,0.00410013,16.0
5542.0,5542.0,56401.0,0.00117325,0.00115124,0.00112596,0.00115495,0.0419236,16.0
9669.0,9669.0,67391.0,0.0227255,0.00227269,0.00220772,0.0161889,0.0735555,16.0
3858.0,3858.0,1965.0,0.00158696,0.00123773,0.00122561,0.00126827,0.00131499,16.0
3858.0,3858.0,382.0,0.0025774,0.00144488,0.00139235,0.00140067,0.00149612,16.0
12348.0,12348.0,4209.0,0.00358054,0.00324686,0.00322121,0.00325812,0.0252668,16.0
12348.0,12348.0,4209.0,0.00217366,0.00219495,0.00216904,0.00219861,0.0276355,16.0
12348.0,12348.0,287676.0,0.00647137,0.0058658,0.00577072,0.0146051,0.0431322,16.0
2930.0,2930.0,21234.0,0.0019328,0.00154507,0.00153875,0.0103983,0.022371,16.0
8001210.0,8001210.0,2619210.0,0.398204,0.405039,0.370384,0.60199,0.730405,16.0
475.0,475.0,4597.0,0.00106712,0.00077403,0.000718061,0.00073949,0.0107628,16.0
238.0,238.0,522.0,0.00521493,0.00157593,0.00148041,0.00150065,0.0115242,16.0
238.0,238.0,695.0,0.00046457,0.00043898,0.00043243,0.00044038,0.000440401,16.0
3858.0,3858.0,3783.0,0.00158547,0.00160131,0.0015475,0.00157764,0.0199663,16.0
2836.0,2836.0,175.0,0.0437046,0.00017954,0.00015704,0.00017082,0.00018761,16.0
1418.0,1418.0,72.0,0.00011923,0.00011469,0.00011327,0.00011973,0.00011331,16.0
3858.0,3858.0,2281.0,0.00205666,0.00127689,0.00126153,0.00126838,0.0160017,16.0
2000.0,2000.0,39980.0,0.0252624,0.0033023,0.00250447,0.00345706,0.068507,16.0
1000.0,1000.0,9852.0,0.0558753,0.0048446,0.00405771,0.00501591,0.0938483,16.0
1000.0,1000.0,10075.0,0.00231718,0.00135024,0.00133679,0.00134883,0.00411624,16.0
1000.0,1000.0,9978.0,0.00252944,0.00148145,0.00147013,0.00147958,0.0185484,16.0
176007.0,338612.0,8119.0,5.024e-05,1.488e-05,1.378e-05,1.422e-05,1.398e-05,16.0
176007.0,338612.0,919774.0,1.378e-05,1.89e-05,1.273e-05,1.756e-05,1.298e-05,16.0
47.0,47.0,162.0,0.00010193,9.191e-05,8.735e-05,9.341e-05,8.866e-05,16.0
6626.0,6626.0,1231.0,0.00137505,0.00077927,0.000719291,0.000787631,0.00077776,16.0
6626.0,6626.0,31979.0,0.00238297,0.00116981,0.00116868,0.00118192,0.0146433,16.0
3858.0,3858.0,13377.0,0.0476785,0.0697402,0.0316823,0.0521887,0.250113,16.0
8788.0,8788.0,177826.0,0.0351844,0.047359,0.0258705,0.0577504,0.154582,16.0
8788.0,8788.0,4962.0,0.0019903,0.00159027,0.00153681,0.0015968,0.00159078,16.0
8788.0,8788.0,80361.0,0.00199388,0.00134176,0.00130068,0.00131696,0.00259406,16.0
29.0,29.0,47.0,6.581e-05,5.634e-05,5.437e-05,5.468e-05,6.933e-05,16.0
3858.0,3858.0,10048.0,0.0715947,0.00427779,0.00357442,0.00504071,0.0986672,16.0
3858.0,3858.0,23.0,0.00039032,0.000188021,0.00017512,0.00017551,0.00018402,16.0
55486.0,55486.0,358943.0,0.032507,0.0318499,0.0299192,0.0670753,0.127891,16.0
183.0,183.0,2198.0,0.000127,9.021e-05,8.212e-05,8.402e-05,8.578e-05,16.0
183.0,183.0,364.0,0.00026103,0.00022994,0.000215171,0.00022355,0.00021829,16.0
310.0,310.0,2448.0,0.0183143,0.00014268,0.00013076,0.00014797,0.00024042,16.0
155.0,155.0,1187.0,0.0187615,0.00033491,0.00030207,0.00071852,0.00040209,16.0
32.0,32.0,8.0,3.548e-05,3.009e-05,2.978e-05,2.978e-05,3.347e-05,16.0
1922.0,1922.0,30336.0,0.0164465,0.00083389,0.000833,0.0115077,0.0105375,16.0
8065.0,8065.0,48226.0,0.00346696,0.00236891,0.00226466,0.00239202,0.0360087,16.0
8065.0,8065.0,46392.0,0.00413077,0.00274349,0.00248825,0.00249546,0.0399862,16.0
3858.0,3858.0,4420.0,0.00235354,0.00160673,0.00156297,0.00156461,0.0438112,16.0
7716.0,7716.0,12758.0,0.0124847,0.0104555,0.00779608,0.0239472,0.0526886,16.0
3858.0,3858.0,11048.0,0.045307,0.0121827,0.00933196,0.043975,0.118792,16.0
3858.0,3858.0,807.0,0.0034245,0.00165976,0.00164211,0.00166784,0.00164227,16.0
3858.0,3858.0,807.0,0.00160303,0.00096138,0.000960541,0.00106306,0.00121139,16.0
3858.0,3858.0,96.0,0.00085597,0.00054042,0.00051272,0.00051909,0.00053234,16.0
7716.0,7716.0,12578.0,0.0136317,0.0025065,0.0021171,0.0238296,0.0468397,16.0
3858.0,3858.0,10941.0,0.0483671,0.0042115,0.00369132,0.0455699,0.141271,16.0
3858.0,3858.0,775.0,0.00151875,0.000957591,0.00094613,0.00098517,0.0111218,16.0
3858.0,3858.0,87.0,0.00074879,0.00048913,0.00048855,0.00049193,0.0004987,16.0
801056.0,801056.0,205761.0,0.098754,0.098931,0.0890711,0.122853,0.298577,16.0
610.0,610.0,2264.0,0.00032625,0.000254511,0.00024684,0.00026369,0.00024868,16.0
3858.0,3858.0,4517.0,0.00220313,0.00162319,0.00161945,0.00168757,0.00724288,16.0
3858.0,3858.0,2636.0,0.00198709,0.00129898,0.00125244,0.0012726,0.0399709,16.0
30675.0,30675.0,393968.0,0.0938788,0.0851829,0.0797763,0.0943488,0.15526,16.0
213.0,213.0,9.0,4.799e-05,4.079e-05,3.934e-05,3.975e-05,3.958e-05,16.0
3858.0,3858.0,3380.0,0.00237474,0.00150669,0.00146479,0.00149187,0.0209431,16.0
350.0,350.0,12214.0,0.0756865,0.00166837,0.00163057,0.0024347,0.054623,16.0
350.0,350.0,7329.0,0.00051673,0.0005084,0.00047048,0.00047245,0.00055978,16.0
3306.0,3306.0,4749.0,0.00179607,0.00112937,0.00111558,0.0011338,0.00732217,16.0
3858.0,3858.0,164.0,0.000135881,0.00010346,0.00010073,0.00010384,0.00010178,16.0
3858.0,3858.0,26.0,0.00010431,9.711e-05,9.563e-05,9.745e-05,9.732e-05,16.0
15690.0,15690.0,7615.0,0.0239475,0.0102127,0.00945217,0.0218013,0.0687655,16.0
15690.0,15690.0,596.0,0.00218147,0.00219779,0.00215632,0.00217765,0.0441175,16.0
3858.0,3858.0,3621.0,0.00224463,0.00150492,0.00148158,0.00149281,0.0400013,16.0
3858.0,3858.0,1897.0,0.00222235,0.00134716,0.00127338,0.00129875,0.0128459,16.0
3858.0,3858.0,1917.0,0.0018698,0.00122694,0.00116873,0.00117549,0.0152718,16.0
669.0,669.0,1197.0,0.0465537,0.00155648,0.00154969,0.00215606,0.0251072,16.0
862.0,862.0,780.0,0.00018543,0.00017069,0.00016918,0.000173741,0.00017384,16.0
160.0,160.0,416.0,0.0216898,0.00011744,9.36e-05,0.00011562,0.00589481,16.0
80.0,80.0,192.0,0.0238933,0.00018563,0.00014103,0.00015529,0.00687649,16.0
2654.0,2654.0,196.0,6.85e-05,5.919e-05,5.876e-05,5.88e-05,6.056e-05,16.0
2654.0,2654.0,14.0,6.541e-05,5.844e-05,5.796e-05,5.842e-05,5.871e-05,16.0
21944.0,21944.0,242023.0,0.00733268,0.00732966,0.00732839,0.00736738,0.0479787,16.0
2051.0,2051.0,8729.0,0.00069657,0.00061168,0.00055885,0.00056187,0.00057176,16.0
2051.0,2051.0,24180.0,0.0014595,0.0012795,0.00120809,0.00124881,0.0549838,16.0
8879.0,8879.0,15548.0,0.00267741,0.00270307,0.00264853,0.0106735,0.108108,16.0
7716.0,7716.0,11076.0,0.0230884,0.0201619,0.00207968,0.0277437,0.0766773,16.0
3858.0,3858.0,10145.0,0.0812069,0.0222101,0.00374111,0.0565182,0.116637,16.0
3858.0,3858.0,448.0,0.00417483,0.00179136,0.00176964,0.00195634,0.00196896,16.0
3858.0,3858.0,448.0,0.00214782,0.00110775,0.00107827,0.00122297,0.00117661,16.0
160.0,160.0,836.0,0.00034514,0.00016855,0.00016693,0.00016758,0.00016852,16.0
16840.0,16840.0,96464.0,0.0187397,0.00264349,0.00247875,0.0205303,0.0554253,16.0
8420.0,8420.0,47152.0,0.0574007,0.00458074,0.00404371,0.0221654,0.0872292,16.0
3858.0,3858.0,2337.0,0.00225416,0.00141484,0.00140354,0.00147418,0.0600166,16.0
3858.0,3858.0,463.0,0.00279069,0.00136131,0.00132832,0.00140199,0.00503135,16.0
612.0,612.0,573.0,0.00082351,0.00087521,0.000431991,0.00043247,0.000500041,16.0
1892.0,1892.0,2623.0,0.00117844,0.00164438,0.00117421,0.0012119,0.00120287,16.0
11706.0,11706.0,324.0,0.00207363,0.00110954,0.00102254,0.00114602,0.00107405,16.0
7716.0,7716.0,12014.0,0.0218167,0.00242468,0.0022718,0.0198973,0.0892812,16.0
3858.0,3858.0,10778.0,0.0527332,0.00379331,0.00374326,0.0479908,0.124482,16.0
65536.0,65536.0,99197.0,0.0175302,0.00914193,0.00880026,0.0126857,0.0599352,16.0
65536.0,65536.0,294358.0,0.011087,0.0111594,0.0110293,0.0242037,0.0641939,16.0
3858.0,3858.0,774.0,0.00363291,0.00164505,0.00162287,0.00163652,0.00163563,16.0
3858.0,3858.0,774.0,0.00151075,0.000933621,0.00092313,0.00093655,0.0111308,16.0
5000.0,5000.0,300.0,0.000355381,0.00034833,0.00032903,0.00035489,0.0003508,16.0
907.0,907.0,1339.0,0.0017749,0.00121315,0.00115856,0.00133824,0.00130348,16.0
1028.0,1028.0,2547.0,0.00869887,0.00013258,0.00012332,0.00019227,0.00703745,16.0
514.0,514.0,1271.0,0.0164604,0.00028018,0.00027951,0.0003473,0.00716792,16.0
514.0,514.0,23.0,0.0001235,9.99e-05,9.216e-05,0.00010565,0.00010566,16.0
514.0,514.0,23.0,0.00010792,9.035e-05,8.725e-05,9.705e-05,9.473e-05,16.0
9877.0,9877.0,51971.0,0.0152684,0.00320646,0.00315109,0.022977,0.0559277,16.0
4939.0,4939.0,13533.0,0.0455293,0.00503422,0.00462814,0.0244412,0.0818728,16.0
4939.0,4939.0,12586.0,0.00306421,0.00173637,0.00173158,0.00173419,0.00174229,16.0
7367.0,7367.0,47353.0,0.0379001,0.00446736,0.00410354,0.0179425,0.0662114,16.0
3858.0,3858.0,610.0,0.00248585,0.00127211,0.00122661,0.00136825,0.00984011,16.0
13332.0,13332.0,3778.0,0.00117828,0.00094779,0.00086471,0.00088028,0.00089182,16.0
6666.0,6666.0,772.0,0.00193794,0.00152633,0.00142679,0.00143972,0.00146572,16.0
6666.0,6666.0,954.0,0.000595871,0.00056949,0.0005684,0.00057308,0.000573241,16.0
7269.0,7269.0,12993.0,0.00708345,0.00533188,0.00419612,0.0553089,0.0943401,16.0
3858.0,3858.0,1817.0,0.00203169,0.00130069,0.00124979,0.00131071,0.001258,16.0
2976.0,2976.0,4156.0,0.000699101,0.000434201,0.00039008,0.00039056,0.00044651,16.0
271.0,271.0,1253.0,0.0284897,0.00219247,0.00163749,0.00169132,0.0124756,16.0
271.0,271.0,1513.0,0.00113687,0.000494311,0.000490741,0.000510541,0.00049697,16.0
3858.0,3858.0,2222.0,0.00188081,0.00123344,0.00117667,0.00121913,0.0319901,16.0
182.0,182.0,736.0,7.339e-05,7.016e-05,5.205e-05,5.9181e-05,5.273e-05,16.0
167432.0,167432.0,456850.0,0.0578579,0.0737044,0.0461443,0.0637909,0.149766,16.0
687.0,687.0,82.0,9.486e-05,7.671e-05,7.595e-05,8.205e-05,8.151e-05,16.0
113.0,113.0,16.0,3.72e-05,3.498e-05,3.384e-05,3.495e-05,3.925e-05,16.0
20745.0,20745.0,22544.0,0.00513664,0.0107781,0.00512686,0.0054504,0.0759634,16.0
21701.0,21701.0,84076.0,0.030758,0.00315927,0.00228363,0.00228459,0.0254431,16.0
10851.0,10851.0,41850.0,0.0515379,0.00458404,0.00371665,0.00373913,0.0505866,16.0
10851.0,10851.0,41858.0,0.00202349,0.000960761,0.00094971,0.00098798,0.00312163,16.0
2654.0,2654.0,185.0,7.627e-05,6.126e-05,5.948e-05,6.751e-05,6.069e-05,16.0
6028720.0,6028720.0,16808200.0,1.08561,1.03129,1.01901,1.77804,1.93256,16.0
1220.0,1220.0,5892.0,0.00096361,0.000561171,0.00051097,0.000527741,0.00391561,16.0
610.0,610.0,1917.0,0.025616,0.000938971,0.00085693,0.000865372,0.00410375,16.0
3858.0,3858.0,2335.0,0.00209234,0.00131628,0.00129529,0.00136304,0.0109806,16.0
29174.0,29174.0,1011360.0,0.113659,0.13674,0.102126,0.122406,0.227993,16.0
3858.0,3858.0,98.0,0.00099083,0.000601681,0.000576031,0.0005924,0.0005895,16.0
5033.0,5033.0,43731.0,0.0183643,0.0146753,0.00285299,0.0317342,0.0846958,16.0
2517.0,2517.0,2517.0,0.054046,0.0159868,0.00375214,0.03919,0.109875,16.0
2517.0,2517.0,19044.0,0.000784911,0.00069634,0.00038764,0.0004141,0.00057348,16.0
2517.0,2517.0,3126.0,0.00187642,0.00172491,0.0013823,0.00145403,0.00387391,16.0
280.0,280.0,2417.0,0.00128761,0.00107588,0.000560901,0.00056411,0.00057072,16.0
261.0,261.0,1500.0,0.00372816,0.00026718,0.00023057,0.000243951,0.00238448,16.0
131.0,131.0,711.0,0.0042431,0.00043475,0.00038719,0.000403931,0.0025417,16.0
1059.0,1059.0,4919.0,0.00320815,0.00095666,0.000953211,0.00099795,0.00098281,16.0
530.0,530.0,2026.0,0.0040395,0.00162814,0.00156589,0.00161398,0.00159686,16.0
530.0,530.0,2009.0,0.0002106,0.00020759,0.00019441,0.00019852,0.00019792,16.0
3858.0,3858.0,1997.0,0.00205993,0.00124476,0.00122922,0.00124483,0.0168322,16.0
19541.0,19541.0,19746.0,0.00331205,0.00307267,0.00303842,0.00374166,0.0208083,16.0
2327.0,2327.0,21817.0,0.00151999,0.00100884,0.000988901,0.00288868,0.0529116,16.0
1164.0,1164.0,1164.0,0.0358765,0.00194229,0.00189594,0.00357946,0.0798142,16.0
3858.0,3858.0,1707.0,0.00197298,0.00126901,0.00120538,0.00121707,0.00123455,16.0
907.0,907.0,2461.0,0.00156614,0.00125802,0.00114581,0.0212565,0.0117392,16.0
41340.0,85575.0,392252.0,0.00020036,4.882e-05,1.973e-05,2.205e-05,3.821e-05,16.0
3858.0,3858.0,446.0,0.00133322,0.00116015,0.00114861,0.00116471,0.00138395,16.0
1501.0,1501.0,3499.0,0.0001072,0.00010109,9.125e-05,9.895e-05,9.686e-05,16.0
3858.0,3858.0,2833.0,0.00247406,0.00147176,0.00146071,0.00148234,0.00894629,16.0
3858.0,3858.0,662.0,0.00251812,0.00107734,0.00105048,0.00106729,0.00476092,16.0
7716.0,7716.0,23783.0,0.0436104,0.0316184,0.0315584,0.0923926,0.175361,16.0
1258.0,1258.0,7682.0,0.000943101,0.000688591,0.00064953,0.00512841,0.0198631,16.0
29.0,29.0,19.0,4.273e-05,3.254e-05,3.114e-05,3.469e-05,3.679e-05,16.0
3158.0,3158.0,81533.0,0.00400452,0.00276151,0.00269952,0.00552688,0.00692593,16.0
3858.0,3858.0,771.0,0.0021912,0.00126435,0.00121544,0.00122488,0.00123003,16.0
215.0,215.0,641.0,0.00012772,0.00011638,0.00010701,0.00011238,0.00011156,16.0
567.0,567.0,1626.0,0.000999581,0.00072494,0.00052018,0.00052252,0.00052124,16.0
243.0,243.0,28.0,4.807e-05,4.428e-05,4.247e-05,4.742e-05,4.445e-05,16.0
25997.0,25997.0,127526.0,0.0080171,0.00755587,0.00755305,0.0111496,0.0183213,16.0
215.0,215.0,171.0,0.00011305,0.00010412,9.888e-05,9.92e-05,0.00010361,16.0
215.0,215.0,641.0,0.00012825,0.00011454,0.00010938,0.00011339,0.0001101,16.0
3858.0,3858.0,2174.0,0.00144451,0.00134597,0.00128446,0.00128612,0.0133174,16.0
393215.0,393215.0,903195000.0,2474.84,2350.99,2350.32,2366.82,2375.71,16.0
168.0,168.0,1944.0,0.00932845,0.00139436,0.00138727,0.00175518,0.00156729,16.0
168.0,168.0,371.0,0.00016323,0.00015921,0.000152301,0.00015335,0.00016656,16.0
1359.0,1359.0,3095.0,0.00417695,0.00327838,0.00320206,0.00359727,0.0600013,16.0
200.0,200.0,1120.0,0.00337983,7.798e-05,6.978e-05,0.00315224,0.00356813,16.0
100.0,100.0,540.0,0.0049244,0.00018755,0.00016332,0.00496648,0.00416074,16.0
100.0,100.0,20.0,6.387e-05,5.775e-05,5.67e-05,6.072e-05,7.121e-05,16.0
100.0,100.0,20.0,6.359e-05,5.793e-05,5.649e-05,5.875e-05,6.552e-05,16.0
100.0,100.0,540.0,0.00010549,9.397e-05,9.147e-05,9.953e-05,9.883e-05,16.0
1220.0,1220.0,5892.0,0.0118561,0.000907831,0.000832711,0.00084758,0.00088293,16.0
610.0,610.0,1917.0,0.01219,0.00113504,0.00101819,0.00102989,0.00106379,16.0
3858.0,3858.0,132.0,0.00132775,0.000849491,0.00077911,0.00081572,0.00081369,16.0
1257.0,1257.0,12260.0,0.00325102,0.00241594,0.00234803,0.0253297,0.0279994,16.0
1257.0,1257.0,12260.0,0.00269445,0.0020303,0.00199044,0.0023946,0.019995,16.0
1257.0,1257.0,2861.0,0.00308873,0.00264445,0.00258726,0.00295553,0.0400052,16.0
35976.0,1352.0,49416.0,1.756e-05,1.508e-05,1.469e-05,2.124e-05,2.006e-05,16.0
35976.0,1352.0,526200.0,1.505e-05,1.543e-05,1.407e-05,1.43e-05,1.419e-05,16.0
3858.0,3858.0,343.0,0.00338625,0.00129141,0.00126033,0.00127281,0.00135262,16.0
4753.0,4753.0,785.0,0.00186219,0.00183088,0.00178211,0.0018794,0.00193009,16.0
2132.0,2132.0,14872.0,0.000957201,0.00072511,0.00068575,0.000710651,0.000687921,16.0
25000.0,25000.0,66659.0,0.00422029,0.00321668,0.00287892,0.00292849,0.0439724,16.0
25000.0,25000.0,66659.0,0.0039289,0.00316426,0.00297696,0.00301325,0.0249168,16.0
3858.0,3858.0,4408.0,0.00226565,0.0016519,0.0016114,0.0118875,0.00504913,16.0
745.0,745.0,8993.0,0.00175755,0.00133943,0.00100364,0.001045,0.0146242,16.0
5308.0,5308.0,23752.0,0.0300026,0.00171162,0.00164162,0.00171603,0.0181864,16.0
2654.0,2654.0,2696.0,0.0402505,0.00307456,0.00260188,0.00263972,0.0191099,16.0
2654.0,2654.0,10132.0,0.00040237,0.00035765,0.00021075,0.00021281,0.00021853,16.0
2654.0,2654.0,1642.0,0.00129911,0.00102637,0.00051867,0.000551951,0.000530351,16.0
1418.0,1418.0,71.0,0.00014746,0.00011805,0.00010769,0.00011052,0.0001133,16.0
172844.0,6174.0,191930.0,3.127e-05,1.384e-05,1.357e-05,1.806e-05,1.385e-05,16.0
172844.0,6174.0,138982.0,1.37e-05,1.381e-05,1.345e-05,1.345e-05,1.376e-05,16.0
8391.0,8391.0,107774.0,0.00702456,0.0126478,0.00630771,0.0150331,0.0362371,16.0
3858.0,3858.0,66.0,0.000586961,0.00038868,0.00035191,0.00045492,0.000371761,16.0
3858.0,3858.0,1651.0,0.00132965,0.00107123,0.00103857,0.00105747,0.0010451,16.0
500.0,500.0,5030.0,0.00184665,0.0018052,0.00180504,0.00180624,0.00181418,16.0
500.0,500.0,5030.0,0.00183545,0.00179579,0.00178801,0.00179514,0.00179252,16.0
20.0,20.0,11.0,6.993e-05,4.68e-05,4.591e-05,4.594e-05,6.093e-05,16.0
20.0,20.0,43.0,5.364e-05,4.602e-05,4.563e-05,4.575e-05,6.274e-05,16.0
2073560.0,2073560.0,1119220.0,1.2715,1.2749,1.26534,2.20378,2.264,16.0
221.0,221.0,1179.0,6.895e-05,5.925e-05,5.819e-05,6.114e-05,6.145e-05,16.0
221.0,221.0,1179.0,6.576e-05,5.487e-05,5.357e-05,5.394e-05,5.613e-05,16.0
6666.0,6666.0,1758.0,0.00065316,0.0005837,0.00056858,0.00057462,0.000571121,16.0
6.0,6.0,9.0,3.696e-05,2.66e-05,2.604e-05,3.427e-05,4.571e-05,16.0
16931.0,16931.0,60182.0,0.00192755,0.00111007,0.00102346,0.00103971,0.00122625,16.0
695675.0,695675.0,845375.0,0.204464,0.21428,0.204044,0.316992,0.448826,16.0
4565.0,4565.0,458.0,0.00113977,0.00048322,0.000481091,0.000502431,0.00048281,16.0
1418.0,1418.0,81.0,0.00012714,9.703e-05,9.656e-05,0.00011719,0.00010624,16.0
1418.0,1418.0,6.0,9.817e-05,7.886e-05,7.634e-05,8.442e-05,8.468e-05,16.0
3858.0,3858.0,3640.0,0.00252719,0.00148036,0.00147782,0.00148419,0.0320683,16.0
2654.0,2654.0,185.0,0.00015496,0.00014589,0.0001234,0.00012732,0.00012727,16.0
93.0,93.0,77.0,8.645e-05,8.063e-05,7.509e-05,8.131e-05,8.901e-05,16.0
93.0,93.0,75.0,8.525e-05,7.638e-05,7.417e-05,8.16e-05,9.363e-05,16.0
93.0,93.0,397.0,0.00013275,0.00012176,0.00011083,0.00012331,0.00012797,16.0
3858.0,3858.0,1365.0,0.00193657,0.00106398,0.00103479,0.00105096,0.00868531,16.0
8843.0,8843.0,41601.0,0.0202178,0.00272324,0.00238079,0.0216657,0.0443615,16.0
4422.0,4422.0,23854.0,0.0288599,0.00427763,0.0039147,0.0232174,0.0773751,16.0
4422.0,4422.0,9488.0,0.00163244,0.000843351,0.00083554,0.000838141,0.000840461,16.0
3858.0,3858.0,1074.0,0.00444441,0.00200999,0.00198613,0.00202032,0.00198965,16.0
349651.0,330751.0,992252.0,0.00020154,3.321e-05,2.273e-05,3.938e-05,3.884e-05,16.0
174826.0,165376.0,257468.0,0.00040023,6.003e-05,4.346e-05,6.66e-05,5.958e-05,16.0
3376.0,3376.0,13285.0,0.00194406,0.0011343,0.00111864,0.00114703,0.00460055,16.0
3858.0,3858.0,4661.0,0.00226789,0.00168003,0.00157171,0.00162012,0.0110855,16.0
1473.0,1473.0,1473.0,0.032109,0.00018399,0.00016349,0.00017761,0.00024194,16.0
737.0,737.0,737.0,0.0332965,0.00031006,0.00027538,0.00029224,0.0003329,16.0
317.0,317.0,7327.0,0.00487236,0.00041381,0.00041018,0.00814545,0.015915,16.0
159.0,159.0,3341.0,0.0138412,0.00142969,0.00138031,0.0116246,0.0163892,16.0
3858.0,3858.0,1972.0,0.00197603,0.00119402,0.00114812,0.00120796,0.00864232,16.0
10041.0,10041.0,2278.0,0.00420001,0.00234203,0.00233053,0.00249067,0.00236388,16.0
3858.0,3858.0,992.0,0.00179943,0.00128728,0.00127161,0.00127482,0.012899,16.0
58.0,58.0,174.0,0.000328,5.155e-05,4.17e-05,8.378e-05,0.000234401,16.0
29.0,29.0,54.0,0.00061227,0.00010311,7.7e-05,0.00011595,0.000267262,16.0
27.0,27.0,16.0,3.49e-05,3.061e-05,3.04e-05,3.148e-05,3.608e-05,16.0
66.0,66.0,66.0,4.051e-05,3.669e-05,3.198e-05,3.486e-05,3.495e-05,16.0
17.0,17.0,39.0,3.415e-05,3.033e-05,2.975e-05,3.005e-05,5.318e-05,16.0
907.0,907.0,2411.0,0.00169543,0.00132371,0.00113313,0.00115046,0.00117297,16.0
907.0,907.0,1328.0,0.00174394,0.00137564,0.00114911,0.00115588,0.0143381,16.0
907.0,907.0,5104.0,0.00251612,0.00194465,0.0017351,0.0114653,0.00974518,16.0
5308.0,5308.0,43841.0,0.0367785,0.00206326,0.00195255,0.0178174,0.0295966,16.0
2654.0,2654.0,4766.0,0.0694514,0.00334565,0.00323851,0.0186526,0.0597563,16.0
1086.0,1086.0,22070.0,0.00085168,0.000575171,0.00051781,0.000526041,0.0176106,16.0
543.0,543.0,10819.0,0.00754319,0.000978681,0.00092641,0.000926952,0.0435122,16.0
543.0,543.0,221.0,0.00015584,0.0001363,0.00013483,0.00014866,0.00023346,16.0
34451.0,34451.0,11057.0,0.0086567,0.00792248,0.00783331,0.00787003,0.0120946,16.0
34451.0,34451.0,172871.0,0.0086986,0.00829376,0.00814922,0.0152389,0.0379403,16.0
3858.0,3858.0,1526.0,0.00209895,0.00102854,0.000993481,0.00102786,0.0124986,16.0
3858.0,3858.0,1526.0,0.0017336,0.00116871,0.00114009,0.00115037,0.00114364,16.0
31250.0,31250.0,91556.0,0.0128357,0.0118685,0.0115012,0.0119312,0.0720546,16.0
907.0,907.0,5099.0,0.00241273,0.00181089,0.0017982,0.0214118,0.0577771,16.0
3858.0,3858.0,1039.0,0.00209849,0.0012364,0.0012351,0.00130187,0.00146314,16.0
3858.0,3858.0,137.0,0.00133938,0.00084024,0.000832931,0.00084878,0.00083645,16.0
38.0,38.0,46.0,4.095e-05,3.963e-05,3.105e-05,4.405e-05,5.199e-05,16.0
38.0,38.0,46.0,4.928e-05,3.233e-05,3.067e-05,5.146e-05,5.108e-05,16.0
38.0,38.0,106.0,3.819e-05,3.325e-05,3.256e-05,6.018e-05,5.125e-05,16.0
85.0,85.0,523.0,0.00599973,0.00028398,0.00024623,0.00447451,0.000688481,16.0
3858.0,3858.0,168.0,0.00043143,0.00039048,0.00038738,0.00039449,0.00038881,16.0
3858.0,3858.0,168.0,0.00014666,0.00011054,0.00010468,0.00010902,0.000118,16.0
86.0,46189.0,714316.0,2.901e-05,1.377e-05,1.376e-05,1.423e-05,1.758e-05,16.0
86.0,46189.0,704592.0,1.591e-05,1.394e-05,1.37e-05,1.592e-05,1.374e-05,16.0
100.0,100.0,100.0,4.032e-05,3.546e-05,3.456e-05,3.528e-05,3.556e-05,16.0
6847.0,6847.0,2874.0,0.00154713,0.00146961,0.00142632,0.00145457,0.00159077,16.0
2163.0,2163.0,2163.0,0.00129451,0.000938591,0.00091626,0.0196496,0.0227975,16.0
33880.0,33880.0,69458.0,0.0106099,0.00744366,0.00723038,0.00908993,0.0790439,16.0
1960.0,1960.0,11187.0,0.00959737,0.00160755,0.00155303,0.0178907,0.0498317,16.0
980.0,980.0,5580.0,0.0387352,0.00282769,0.00275639,0.0187088,0.0632147,16.0
980.0,980.0,939.0,0.000984841,0.00091858,0.000591511,0.00059594,0.00784889,16.0
980.0,980.0,939.0,0.00090575,0.00102697,0.00053649,0.000582341,0.00053685,16.0
3858.0,3858.0,1275.0,0.00185402,0.00118588,0.00112715,0.00114651,0.00133043,16.0
5242.0,5242.0,28980.0,0.00158381,0.0013022,0.00125807,0.00271967,0.00958675,16.0
2621.0,2621.0,7334.0,0.00890183,0.00281508,0.00225245,0.00375349,0.022647,16.0
2621.0,2621.0,7188.0,0.00090246,0.00148813,0.000899281,0.00090779,0.00937894,16.0
42269.0,42269.0,2324.0,0.0111478,0.00880466,0.00879135,0.00880117,0.0216257,16.0
15690.0,15690.0,13005.0,0.00944605,0.00723619,0.00672112,0.0142534,0.0704878,16.0
3858.0,3858.0,633.0,0.00290963,0.00128373,0.00126353,0.00128899,0.00129609,16.0
14805.0,14805.0,159757.0,0.0480434,0.059136,0.0384316,0.0994591,0.194992,16.0
14805.0,14805.0,43617.0,0.00376966,0.00316142,0.00301707,0.0111225,0.0440416,16.0
30269.0,30269.0,89858.0,0.020361,0.00443559,0.00292021,0.00304123,0.0271834,16.0
15135.0,15135.0,44822.0,0.0472795,0.00664763,0.00521346,0.00522579,0.042856,16.0
15135.0,15135.0,44810.0,0.00365739,0.00191504,0.00191445,0.00196944,0.00642903,16.0
159.0,159.0,3341.0,0.00844873,0.00072627,0.000696751,0.0009894,0.00797641,16.0
159.0,159.0,492.0,0.00014368,0.00013065,0.00012864,0.00024425,0.00024816,16.0
159.0,159.0,504.0,0.00014415,0.0001318,0.00013138,0.0002502,0.00025732,16.0
5000.0,5000.0,200.0,0.00029429,0.000526901,0.00027154,0.00027611,0.0002817,16.0
5000.0,5000.0,19800.0,0.00131006,0.00131911,0.000672271,0.00067483,0.000672631,16.0
3858.0,3858.0,2676.0,0.00138634,0.00134934,0.00134328,0.00134447,0.00315359,16.0
3858.0,3858.0,609.0,0.00203419,0.00118735,0.00115859,0.00117391,0.0114604,16.0
5303.0,5303.0,47576.0,0.0374034,0.0336065,0.033014,0.0818461,0.171232,16.0
5303.0,5303.0,26407.0,0.00197702,0.00197173,0.00183032,0.00839843,0.0440374,16.0
5303.0,5303.0,163698.0,0.00226683,0.00221515,0.00219515,0.00460748,0.039963,16.0
5903.0,5903.0,2568.0,0.0102507,0.0101318,0.00999678,0.0289077,0.0309895,16.0
15690.0,15690.0,6000.0,0.0124823,0.019175,0.0114437,0.0215592,0.0276002,16.0
122937.0,122937.0,11709.0,0.0445063,0.0536758,0.0388421,0.0746601,0.105815,16.0
106727.0,106727.0,5901180.0,0.222795,0.231397,0.217421,0.315146,0.476413,16.0
7040910.0,7040910.0,1022870.0,0.803411,0.85502,0.800765,1.14693,1.18394,16.0
735076.0,735076.0,469120.0,0.326206,0.245273,0.238633,0.390978,0.518902,16.0
735076.0,735076.0,469120.0,0.446646,0.401021,0.35455,0.633339,0.717232,16.0
134048.0,134048.0,464438.0,0.153109,0.1634,0.144585,0.207641,0.280416,16.0
749012.0,749012.0,247082.0,0.178958,0.220849,0.178602,0.314413,0.439367,16.0
2654.0,2654.0,168.0,0.00017851,0.000126901,0.00012442,0.00012912,0.00012685,16.0
13332.0,13332.0,4264.0,0.00199614,0.00186495,0.00184001,0.00185387,0.00191038,16.0
6666.0,6666.0,904.0,0.00292816,0.00259038,0.00251943,0.00252682,0.00257783,16.0
6666.0,6666.0,1083.0,0.00068032,0.00065293,0.00064538,0.00064866,0.00065162,16.0
5746.0,5746.0,9050.0,0.00385341,0.00401914,0.00371829,0.0160222,0.0596029,16.0
40008.0,40008.0,111099.0,0.00818801,0.00936097,0.00814459,0.00859419,0.0280528,16.0
40008.0,40008.0,111099.0,0.0169902,0.00864754,0.00838891,0.00855956,0.0207676,16.0
3858.0,3858.0,3255.0,0.00277267,0.00182787,0.00179715,0.00180654,0.014698,16.0
3858.0,3858.0,3255.0,0.00188065,0.0016867,0.00161362,0.00170376,0.0281177,16.0
134.0,134.0,1276.0,0.00021888,0.00021295,0.00021036,0.00021722,0.0002111,16.0
1265.0,1265.0,19798.0,0.00172952,0.00162064,0.0015049,0.0016303,0.00891493,16.0
1265.0,1265.0,2033.0,0.00187125,0.00187828,0.00175965,0.00181591,0.00187107,16.0
11999.0,11999.0,95977.0,0.0199253,0.00259426,0.00206142,0.00765497,0.0672651,16.0
6000.0,6000.0,47984.0,0.0392591,0.00446292,0.0034656,0.0162919,0.0970859,16.0
6000.0,6000.0,47977.0,0.00136793,0.00126151,0.00083917,0.0009024,0.00087571,16.0
7687.0,7687.0,14551.0,0.00288706,0.00329274,0.00218382,0.0187431,0.0748218,16.0
7687.0,7687.0,553800.0,0.00220832,0.00322808,0.00189019,0.0441269,0.00219503,16.0
77688.0,77688.0,543666.0,0.0245616,0.0401346,0.0207181,0.0881364,0.11909,16.0
2163.0,2163.0,2163.0,0.00145069,0.00108403,0.0009478,0.0201632,0.0185138,16.0
138.0,138.0,138.0,0.00419434,7.244e-05,4.594e-05,0.00024073,0.00481493,16.0
69.0,69.0,69.0,0.00896673,0.0001456,0.00010964,0.0021169,0.0069468,16.0
69.0,69.0,69.0,5.704e-05,6.233e-05,5.619e-05,6.637e-05,5.655e-05,16.0
6.0,6.0,9.0,3.085e-05,2.67e-05,2.588e-05,3.418e-05,2.626e-05,16.0
3858.0,3858.0,963.0,0.00198069,0.00111936,0.00110625,0.00110759,0.00320137,16.0
907.0,907.0,6344.0,0.00209094,0.00195247,0.00190838,0.0129213,0.0137432,16.0
6666.0,6666.0,2274.0,0.00072721,0.000715901,0.00069095,0.00069144,0.000695271,16.0
5140.0,121623.0,60403.0,1.64e-05,1.989e-05,1.558e-05,1.586e-05,1.602e-05,16.0
32045.0,32045.0,199382.0,0.0546595,0.0538391,0.0376001,0.0807593,0.196908,16.0
32045.0,32045.0,512.0,0.00890622,0.0068641,0.00684671,0.00693174,0.0206178,16.0
